userId,userName,debutYear,isActiveRecent1Year,firstPostTime,firstTitle,firstContentId,latestPostTime,latestTitle,latestContentId
19718,一方通行,2016,False,2016-02-27 22:04:21,【CB400SB】東北ずん子と行く奥吉野ツーリング,sm28311480,,,
26670,もやし1号機,2016,False,2016-12-24 22:18:21,【くりの郷】ぼっち道の駅めぐりPart.2-1【Cevio車載】,sm30291951,,,
49920,ぜよねこ,2016,False,2016-08-27 18:12:18,【第二回ひじき祭】 ゆかマキが旭山動物園へ行く,sm29532336,,,
57745,しゃもじ,2016,False,2016-10-25 01:18:06,【MT-03】ささらん車載でpart1 秩父の大滝食堂に行こう！【ばくおん！】,sm29903005,,,
74355,はんず,2016,False,2016-09-24 23:30:00,NC750Xで出撃！北海道ツーリング編Part.1【京町セイカ】,sm29712548,,,
116805,ゼータ,2016,False,2016-07-02 00:20:23,【青森から】東北6県リレー Part.2 【秋田へ】,sm29162027,,,
209316,ぎったん,2016,False,2016-05-03 18:00:00,丹後半島ツーリング【ONE】,sm28764924,,,
289443,えいじゅ,2016,False,2016-01-02 02:42:54,コペンとｓ660（あー、どっちも乗りてぇー！,sm27924509,,,
347413,そーき(爪楊枝P),2016,True,2016-04-27 21:30:00,ひとりでとことこツーリング01-02　～指宿市魚見岳下山～,sm28722951,,,
355470,midori,2016,False,2016-01-18 04:01:15,堺浜クリテ160116,sm28031171,,,
438335,Paranoid.,2016,False,2016-12-23 17:00:00,メンヘライダーが往く！第二章　「遠吠えは本栖湖に染まった」,sm30276091,,,
468343,にだいめ,2016,False,2016-05-10 18:22:35,【結月ゆかり車載】 穏＆凛でゆくオフ車でツーリング 金谷元名林道その1,sm28817964,,,
468907,Phazer5,2016,False,2016-03-19 02:46:21,【トリッカーで行こう！】　vol.1　冬の九十九里浜編,sm28450695,,,
469366,黒セリ,2016,False,2016-09-10 19:33:27,東北ずん子とゆっくりがＧＳＲカップに参加したそうです。,sm29622575,,,
490796,古河 湊,2016,False,2016-08-24 06:00:00,ドカ茶でノープラングルグル part2,sm29510690,,,
497011,在処,2016,False,2016-01-11 19:43:35,VTRで埋めていきたい_vol.1【結月ゆかり車載】,sm27988496,,,
499641,とん,2016,False,2016-09-25 18:00:00,琴葉姉妹と盆栽旧車で走りたい！,sm29713090,,,
528872,しらたま,2016,False,2016-09-05 23:37:33,YZF-R25でどこまでも。どんぐりの里編 前編,sm29594084,,,
554707,エネフェア,2016,False,2016-03-26 21:30:54,まったりバイクツーリング1本目,sm28505019,,,
562970,おさともP,2016,False,2016-03-23 23:52:44,エイプでそのへんをブラブラ走ってみた。_第01回~国道17号秋葉原～巣鴨~,sm28485217,,,
599875,hirosyu,2016,False,2016-08-07 14:58:13,【結月ゆかり車載】この素晴らしいMT-03（バイク）に祝福を！ Part0.1,sm29398039,,,
623905,大宮祝詞,2016,False,2016-01-09 13:08:30,【ささらさんと】走ろう！サーキット！！【ゆっくりと】,sm27971121,,,
643029,塩鯖,2016,False,2016-10-09 00:54:19,ゆっくり感染るV-strom650旅行記part4【草千里】,sm29798791,,,
673849,まりえった,2016,False,2016-12-30 00:24:21,【琴葉姉妹】あかあおダブラール【VOICEROID車載】,sm30327654,,,
692372,ぴろ,2016,False,2016-07-21 23:08:10,【ぴろバイ】 どへたなライダーがYBCを目指すそうです【YBC編#01】,sm29293019,,,
766081,kurokage,2016,False,2016-07-21 20:18:29,結月ゆかりちゃんと月まで行こう！Part1,sm29291570,,,
876123,クラウ/銅谷P,2016,False,2016-09-15 19:51:15,メタル野郎のバイク放浪記 試される大地編 Part12 「本土最北端の地」,sm29653559,,,
1164347,孫の手,2016,True,2016-06-03 21:01:00,【そくドラ！外縁隊】 神様が往く！16年6月その1【車載オフ】,sm28974762,,,
1171982,小鳥遊ゆーろう,2016,False,2016-04-04 00:35:29,東北からそこそこドライブ　冬の大洗編　ＰＡＲＴ３,sm28566301,,,
1228078,濱矢　裕（はまや　ひろ）,2016,False,2016-08-05 01:42:14,【車載動画】結月ゆかりと世界のキリトリセン EPISODE1,sm29382110,,,
1275415,４４,2016,False,2016-05-13 18:00:00,【自転車】四国キャンプツーリング ReVISIT 準備編【結月ゆかり/ゆっくり】,sm28833557,,,
1430111,旅人,2016,False,2016-07-14 22:19:24,【結月ゆかり車載】エストレヤで何処かへ【初投稿編】,sm29246358,,,
1569813,ゆら,2016,False,2016-01-31 02:13:27,イナズマ400と初心者ライダー　伊豆にいくのですっ！【前編】,sm28115128,,,
1763301,ミーた,2016,False,2016-07-01 00:00:00,ことのは動画日記 Page.1 山梨・笛吹カレー編【琴葉茜・葵】,sm29150288,,,
1789324,peimame,2016,False,2016-10-16 14:31:22,【CB400SF】僕とバイクと旅した日記～北海道編～ part1【結月ゆかり】,sm29846458,,,
1937228,ポンタ,2016,False,2016-05-09 22:45:28,ご注文は、「サイドカー」ですか？【紀伊半島一周　前編】,sm28813881,,,
2032366,ナズナ,2016,False,2016-03-12 08:08:46,ゆかマキのストトリ布教車載,sm28403487,,,
2213118,蜂熊,2016,False,2016-09-18 22:54:37,【Z1000】八百屋ライダーと東北ずん子が走ってみたPart.5【北海道①】,sm29673365,,,
2712734,さわくろ,2016,False,2016-05-15 21:51:35,【CB400SB】バイクで轍を作りたい！_岐阜ツーpart１【東北ずん子車載】,sm28853361,,,
2806438,drive-_-junkie,2016,False,2016-11-28 23:17:25,只見線不通区間えきめぐり その２,sm30132839,,,
2894500,すが,2016,False,2016-11-06 11:47:26,新米ライダー提督の艦娘由来の地巡りツーリング Part.0【納車】,sm29983709,,,
2984854,幻夢　斬,2016,False,2016-07-03 19:49:40,斬さんはDSCと旅がしたい　第1話,sm29174904,,,
3602903,くれすたん,2016,False,2016-01-08 21:00:00,【バイク車載】穴ツー行ってきました！【ツーリング＆カメラテスト編】,sm27966806,,,
3711361,しえ,2016,False,2016-10-17 20:47:59,道民ゆかりさんが行く北海道ツーリング,sm29854857,,,
4211053,Mb,2016,False,2016-11-14 20:49:26,【Ninja400】駆け出しライダー琴葉、南の島を行く【琴葉姉妹車載】,sm30044413,,,
4496570,ASH,2016,False,2016-05-08 20:20:34,【CBR650F】ツーリングに行ってきました【和歌山】,sm28806354,,,
4601747,金剛@KLX125,2016,False,2016-12-28 19:24:17,ＫＬＸ１２５で海上の森に行ってみた,sm30318630,,,
5197879,玄・ｄ,2016,False,2016-08-22 01:42:15,【NM4-02】茜と玄となんかそこらへんの道Part1【琴葉茜】,sm29497473,,,
5286896,まよね～ず猫,2016,False,2016-07-28 07:03:14,ゆかりさん！ばいくですよ！バイク_Vol.0,sm29331975,,,
5318486,カベルネ,2016,False,2016-10-22 01:25:16,160816_ビーナスライン,sm29881200,,,
6303172,SAMURA,2016,False,2016-01-04 17:53:45,バイクっと！ツーリング！ゆかり編,sm27940418,,,
6447144,ふるはうす,2016,False,2016-12-11 19:00:26,冴えない単車の育てかたb  第〇回【結月ゆかり】,sm30208171,,,
6744372,ミケΨ・ω・Ψシカ,2016,False,2016-08-21 23:12:31,Ψ・ω・Ψがバイクで旅をする。,sm29496313,,,
7257402,白ネン,2016,False,2016-05-09 13:28:30,【ninja250】白忍と弦巻と。長野編part1,sm28810903,,,
7350523,神無月,2016,True,2016-02-02 06:46:55,原付二種で名所めぐり　12箇所目【熊本県・一本松公園】,sm28128895,,,
8776253,のりたま猫,2016,False,2016-04-11 00:11:14,【ninja1000】ツーリング記録【七ヶ宿編】,sm28614849,,,
9056478,小僧,2016,False,2016-01-03 18:00:00,2016初日の出ツーリング（朝霧高原）【結月ゆかり車載】,sm27931319,,,
9909716,むつみん,2016,False,2016-08-17 06:50:10,【車載動画】ゆかりさんが東名走ってるだけ　テスト【ゆかマキ】,sm29462388,,,
10013797,秋田犬,2016,False,2016-03-03 23:07:17,【Ninja1000】結月ゆかりと犬が往く四国散策～引地橋茶屋編～,sm28346435,,,
10884740,蔵本,2016,False,2016-12-23 19:49:38,【VOICEROID実況】ゆかまきFlight log book 《Page3》,sm30282521,,,
10889253,無題ひゅいお,2016,False,2016-03-27 20:24:32,Rider`s Cafeに行ってきたよ　part1 前編,sm28512335,,,
11361147,しまむら,2016,False,2016-09-26 07:56:14,【RASHEEN】一泊二日伊豆半島キャンプ旅【1日目】,sm29721862,,,
11371019,もみ爺,2016,False,2016-08-27 17:06:27,小浜市かつ丼ツーリングpart1,sm29531994,,,
12155156,硬化の監督,2016,False,2016-11-06 01:23:26,年上のバイクとツーリングPart 1【結月ゆかり車載】,sm29981664,,,
12737895,めや,2016,True,2016-08-28 11:17:16,【車載】恵那山トンネル時速40km通過（渋滞気味）【VOICEROID車載】,sm29537310,,,
13558703,たいら,2016,False,2016-08-10 00:54:53,【１日1000km】ぼくのなつのたび　１ ～長岡花火編～【ONE車載】,sm29414811,,,
15512166,matcha9n,2016,False,2016-10-21 00:22:14,【ゆかり車載】SLでGO!-蔵王・御釜編【ninja250SL】,sm29874383,,,
16191364,..,2016,False,2016-02-20 07:48:22,【ゆかりさんの運転で行く！】バイク車載(予定)  練習編【結月ゆかり】,sm28258410,,,
16571698,douke,2016,False,2016-02-05 17:54:18,結月一族と行く。修羅の国ツーリング。01（結月ゆかり車載）,sm28152366,,,
17371821,加賀タナトス,2016,False,2016-07-07 00:49:42,バイクで旅がしたい！　北海道編♯１,sm29196215,,,
17390444,まめ,2016,False,2016-06-15 19:00:00,【結月ゆかり】旅をするなら居間でしよう！第１回-浜松編-,sm29053614,,,
17410686,隣の黒猫,2016,False,2016-02-14 14:19:39,ボイロどうでしょう,sm28218318,,,
18381174,みとー,2016,False,2016-01-03 23:02:27,結月ゆかりはDjebel 200と往く_Page 1 初日の出(伊香保),sm27936095,,,
18904147,人入りロッカー,2016,False,2016-11-05 07:35:18,【まな板車載】 バイク乗りの一存　No.1,sm29975516,,,
19222937,KANATA,2016,False,2016-06-25 21:40:37,ロリコンじゃないライダーの○○○との旅 ～納車編～,sm29121092,,,
19685544,しろめし,2016,False,2016-07-04 05:34:18,【自転車車載】橋がすき　１橋目【結月ゆかり】,sm29178803,,,
20129333,いこもち,2016,False,2016-10-09 23:50:38,バイクで、ちょっとそこまで【結月ゆかり】,sm29805646,,,
20186481,自転車,2016,False,2016-02-21 12:49:47,【YZF-R125】冬の稲武はどうなってるの？,sm28267406,,,
20980186,まさゆき,2016,False,2016-06-07 13:36:10,結月ゆかり実況で送る　本日のツーリングレポート　Page ０,sm29002278,,,
21118983,あかきつね,2016,False,2016-01-12 22:42:14,ゼルビスと行こう！～ビーナスライン編～No.1,sm27996220,,,
23056105,ゆー,2016,False,2016-11-12 01:04:16,【ZX-6R】x【結月ゆかり】そうだ！秩父にいこう編　【1】,sm30025737,,,
25083905,秋山長芋,2016,False,2016-06-06 20:56:14,【結月ゆかり車載】YZF-R25でぼっち旅　青山高原・榊原温泉,sm28998494,,,
25608446,User 25608446,2016,False,2016-10-28 22:19:13,琴葉茜と往く！信州諏訪ツーリング！part1,sm29925538,,,
25877905,Mochis（ひろ）,2016,False,2016-02-14 19:11:40,君と僕の物語（仮）Part1【結月ゆかり】　「まずはテストからじゃ」,sm28220769,,,
30853061,テリボガ,2016,False,2016-11-30 23:25:46,ささらっと天空の城,sm30143950,,,
33460400,User 33460400,2016,False,2016-07-31 12:49:19,茨城探訪『関本地区に抜けるよ』の回,sm29352921,,,
34198930,じゅにカス,2016,False,2016-04-27 17:01:11,行くぞゆかりん！！part0 【Ninja250】,sm28721368,,,
40181154,たまら,2016,False,2016-07-13 23:37:42,３ないライダーとゆかりさん　納車編,sm29240904,,,
40497319,みに,2016,False,2016-08-16 20:25:25,【琴葉葵】125ガンマでダム巡り【2stレプリカ車載動画】,sm29459216,,,
41237733,船長,2016,False,2016-05-16 07:12:55,ゆっくりとゆかりんが富士ヒルに挑むようです～第3羽七曲その１～,sm28856441,,,
47601483,User 47601483,2016,False,2016-06-12 21:53:28,GW・２スト原付で行く　はじめてのバイクツーリング！　in北海道！　part4,sm29038092,,,
48882834,コミネム→,2016,False,2016-11-04 15:30:00,【コミネマンが行く】実録！初めての××...【セロー250】,sm29962261,,,
49114376,豆柴,2016,False,2016-10-19 00:48:45,CBR400Rとどこまでも part1（結月ゆかり車載）,sm29862556,,,
54495992,ken,2016,False,2016-01-31 05:49:40,YZF-R25まったりツーリングpart1,sm28115869,,,
54573284,kudamono,2016,False,2016-01-08 00:34:50,【CeVIO娘2人+αと行く】初日の出ツーリングIN平尾台【YZF-R25】,sm27962752,,,
54795896,サトウレイジ,2016,False,2016-01-17 04:47:19,【さとうささら車載】都内でボッチで手ぶラーツーしてみた,sm28023240,,,
56986414,ホエー,2016,False,2016-12-23 01:15:31,MT-07と、三角形の刺客 【北上編 11日目】,sm30277835,,,
62119969,わさび,2016,False,2016-10-20 12:00:00,バイクで四国行ったら何故かゆかりさんといちゃこらしていた【１日目】,sm29869673,,,
11575,Anz.,2021,False,2021-01-20 12:00:00,ぶらっとひとりたび #5 &quot;新潟・弥彦&quot;【VOICEROID旅行】,sm38146397,2021-01-20 12:00:00,ぶらっとひとりたび #5 &quot;新潟・弥彦&quot;【VOICEROID旅行】,sm38146397
43993,雪楓,2021,True,2021-02-22 00:10:03,【CeVIO車載】すずきつづみは北海道を旅したい PartTest【すずきつづみ投稿祭】,sm38312142,2026-07-15 18:00:00,【CeVIO車載】すずきつづみは北海道を旅したい Part26【シンプル車載動画投稿祭2026 編】,sm46545972
94906,なすのゆきは,2021,False,2021-06-22 21:00:00,ロリコンみことがきりたんとどっか行く 第四話「はじめてのしゃさいばん」,sm38924788,2021-07-08 16:00:00,ロリコンみことがきりたんとどっか行く 第五話「本州最南端 潮岬」,sm39000122
104713,ななし,2021,False,2021-01-20 18:30:00,ウナきりゆるりぶらり旅いっかいめ「いずも、まつえりょこー」【VOICEROID旅行】,sm38134798,2023-10-12 17:30:00,あかりと！「はまだとさんべをいく」【日帰り旅行祭2023】,sm42870865
107071,メシウム,2021,False,2021-01-19 23:57:02,AT車で行くお気軽ツーリング日誌 第0回 広島県世羅町（せらワイナリー～夢吊橋）【ADV150】,sm38146055,2022-04-13 00:31:02,AT車で行くお気軽ツーリング日誌 第9回 無人の野を行く冬四国カルスト（高知県・愛媛県）【NC750X DCT】,sm40310327
129480,ダミン・オブ・ザ・イヤー,2021,False,2021-10-24 22:42:03,【VOICEROID車載】もう自由にバイクのろう！　#1,sm39528869,2021-11-10 01:12:02,【VOICEROID車載】もう自由にバイクのろう！　気まぐれ訪越編#1,sm39602687
145745,付箋,2021,False,2021-01-22 06:12:02,【CeVIO車載】旅動画はじめました『晩冬の富良野・美瑛編』【オリキャラ・北海道巡り】,sm38155606,2021-06-03 10:11:02,【CeVIO車載】北海道巡り「晩冬の富良野・美瑛」Part.2　白金・青い池,sm38830779
152501,にょきの人,2021,False,2021-07-10 00:25:02,【ボイチェビ嘘予告祭】長崎お散歩探訪記 二人でさるく,sm39007243,2022-08-20 11:02:00,【第八回ひじき祭】長崎お散歩探訪記「二人でさるく」01【VOICEROID車載・旅行】,sm40933343
158227,ラッチ・アスト,2021,True,2021-09-25 05:57:02,涼月と行く佐世保旅行R【その２】,sm39385015,2026-03-21 18:05:00,【手抜き車載祭】涼月と行く 新札幌で朝ラー,sm46081612
181069,ankosan,2021,False,2021-03-08 18:24:02,初心者ドライバー葵、走る「R254～神津牧場」（琴葉姉妹実況テスト投稿）,sm38386852,2025-01-10 03:15:03,初心者ドライバー葵、走る「十石峠」,sm44522027
181337,かもめ,2021,False,2021-04-02 23:00:00,紲星あかりがバイクで道の駅行くだけの動画【丹波マーケス】,sm38517063,2021-05-06 23:00:00,紲星あかりがバイクでサウナ行くだけの動画【ウェルビー栄】,sm38697349
183455,シャッチマン,2021,False,2021-11-25 22:14:03,【ロードバイク車載】せいか祭り,sm39670669,2022-09-30 00:00:00,京町セイカのクロモリサイクリング_03【しまなみ海道】,sm41104397
202117,hikaru,2021,False,2021-03-06 01:54:02,【A.I.VOICE車載】テスト投稿（タイトル未定）,sm38373384,2022-04-03 17:23:03,【A.I.VOICE車載】丸山千枚田ツーリング,sm40268587
227322,ヶ崎,2021,True,2021-09-11 19:51:03,ユカリとアカリと納車の日のおじs…お兄さん【VOICEROID車載】,sm39319655,2026-06-26 22:03:31,ユカリとアカリと御嶽エクスプローラーパークとおじs…お兄さん【VOICEROID車載】,sm46481244
250064,ぽな粉,2021,True,2021-10-16 19:00:00,おねちゃんOИ Theチェコバイク その1,sm39489801,2026-07-19 19:00:00,おねちゃんOИ Theチェコバイク その48,sm46565911
269909,ぽにゃっと,2021,False,2021-08-12 11:28:02,ちょっとその辺、散策記。 発寒川サイクリングロード（仮）【紲星あかり】【結月ゆかり】,sm39167598,2021-12-28 11:10:02,ちょっとその辺、散策記。 Part.17【紲星あかり】【結月ゆかり】,sm39816871
277431,がこ,2021,False,2021-05-31 02:19:02,ハイヨー シルバー その１　【ニコニコ自転車動画祭2021春】,sm38816829,2021-05-31 02:19:02,ハイヨー シルバー その１　【ニコニコ自転車動画祭2021春】,sm38816829
325194,タケシ,2021,True,2021-06-05 23:24:03,【結月ゆかり車載】ゆかりさんとバイクで。～舞台探訪～ 兵庫県香美町 AIR編,sm38843891,2025-09-28 18:00:00,【結月ゆかり車載】ゆかりさんとバイクで。～オフオフ会と行く 播州アドベンチャーラリー編～,sm45453738
346330,エボっち,2021,True,2021-07-14 21:58:02,たまに行くなら、こんなツーリング＃０　門真～梅田～難波,sm39030739,2026-08-13 19:24:48,たまに行くならこんなツーリングver2.0【琴葉茜＆結月ゆかり車載動画】＃39　全スーパー戦隊展を見に行くで！,sm46663376
360425,えいとび～と,2021,False,2021-12-16 01:17:02,新番組　きりたんぽRadio　初回放送　沖縄国際通り編,sm39760383,2021-12-16 01:17:02,新番組　きりたんぽRadio　初回放送　沖縄国際通り編,sm39760383
363230,タキノ,2021,False,2021-02-27 20:30:00,ご注文はうかいですか？ 〜愛知県迂回路対決 Round.8〜 【VOICEROID車載】,sm38340912,2021-02-27 20:30:00,ご注文はうかいですか？ 〜愛知県迂回路対決 Round.8〜 【VOICEROID車載】,sm38340912
377451,スカーフうさぎ,2021,False,2021-09-16 21:27:03,【VOICEVOX車載＆演奏】電動バイクに吟遊詩人きりたんを乗せて【アイリッシュ音楽】,sm39343493,2025-04-18 21:27:04,吟遊詩人きりたんは菜の花畑を疾走する,sm44889999
394211,GON鳩,2021,False,2021-08-01 00:10:02,鬼と猿と鳩旅　テスト版,sm39113068,2021-08-01 00:10:02,鬼と猿と鳩旅　テスト版,sm39113068
409029,深神高広,2021,False,2021-09-19 19:06:04,マキ＆六花でゆるポタ（仮）第1旅「渋川で釣り場を探しつつ、日本最古の工業用水を追え！」,sm39358096,2023-08-31 17:13:02,ホーム釣り場へ気軽にゆるポタ【第九回ひじき祭】,sm42697658
411650,くーく,2021,False,2021-08-20 16:01:00,【ロードバイク】ONE MORE RIDE! #3 - 初夏×湾岸×ゆるぽた【ONE車載】,sm39208578,2023-05-07 15:00:00,【ニコニコ自転車動画祭2023春】ONE MORE RIDE! #7 - 東京ONE×ONE月×ONE周ライド【ONE車載】,sm42189679
418625,(n・ω・)η,2021,False,2021-05-31 01:39:02,ゆかりさんが喋る広島自転車探索　#01　お花見ライド前編,sm38812789,2021-11-07 03:51:02,ゆかりさんが喋る広島自転車探索　#03　紫陽花ライド,sm39589563
450288,N_Atsushi,2021,False,2021-06-05 13:36:03,まったり釣行記⑭☆一泊二日プチ釣り旅,sm38840712,2021-06-05 13:36:03,まったり釣行記⑭☆一泊二日プチ釣り旅,sm38840712
456067,T-neko,2021,False,2021-07-21 02:59:02,公園でドローン飛ばすと猫が集まってきた,sm39060794,2021-07-21 02:59:02,公園でドローン飛ばすと猫が集まってきた,sm39060794
462576,zumish.jp,2021,False,2021-10-25 03:35:04,[自転車車載] 房総ゆるポタライド＃１　富津市編[第二回手抜き祭],sm39530085,2025-02-22 07:07:03,【自転車旅】ONE旅録#1 |道北・オトンルイ風力発電所【CeVIO車載】,sm44683330
472702,ストライクバカ,2021,False,2021-10-03 20:08:02,【VOICEROID車載】バカだからエクバ動画用の設定で車載動画作ってみた,sm39428140,2024-12-31 23:30:00,新基準原付ってなんだ？-原付車載動画-『酪農王国オラッチェを目指して』,sm44489036
490821,しろくろぱんだ,2021,True,2021-09-20 04:05:02,動画編集練習編　part1,sm39360758,2026-07-20 19:30:00,【VoiSona Talk車載】とあるふつーのOLの休日2【シンプル車載動画投稿祭2026】,sm46568342
509719,szk（すずき）,2021,True,2021-09-28 20:30:00,バイクとゆかりと知らない景色 ～#1 都心の表情～【VOICEROID劇場風車載】,sm39400674,2025-11-25 11:45:00,嵐の中めざせ関東→大阪！～雨風ツーリング～[すずきとゆづきと知らない景色 ADV],sm45641049
527871,ぶいとら丸,2021,False,2021-10-02 14:40:02,【VOICEROID車載】『ずんだの小箱』patr00,sm39420720,2022-05-06 00:09:05,【茨城投稿祭】いま、ふたたびの茨城へ【フリー部門】,sm40425595
545684,Bob-Su,2021,False,2021-09-05 16:24:02,【VOICEROID車載】継星あかりの次はどこ行く？　～phase 0　カメラ確認編～,sm39291183,2024-12-27 13:56:03,【VOICEROID車載】友人とキャンプ行った話,sm44469633
548350,チアキ,2021,True,2021-02-13 20:34:02,"【SR400車載】SRさん～Her name is &quot;SR&quot;～chapter,00",sm38268938,2025-10-16 20:49:02,"【車載動画】SRさん chapter,25「こういうのでいいんだよ」",sm45523392
553319,ロタ,2021,False,2021-11-07 08:57:02,【VOICEROID車載】ゆかりと琴葉姉妹で癒され九州 第1話 熊本県芦北町,sm39590196,2022-02-23 14:02:03,【VOICEROID車載】ゆかりと琴葉姉妹で癒され九州 第4話 鹿児島県霧島市,sm40084442
632044,ゴーマゲドン,2021,True,2021-10-02 20:33:02,【レコスタ車載】ヤマハノススメ #1（カメラテスト）【第二回原石祭】,sm39422687,2026-07-20 23:23:00,【シンプル車載動画投稿祭】ヤマハノススメEX03 三田の山奥 芝桜,sm46572297
641730,ひろひとととと,2021,False,2021-12-22 22:16:02,『VOICEROID車載』瀬戸内海を見に行こう『庭先食堂』,sm39789348,2022-01-25 20:08:02,『VOICEROID車載』ハートの島とラーメンツーリング『庭先食堂』,sm39945519
692241,モヤイ,2021,True,2021-03-15 22:48:03,【A.I.VOICE車載】茜ちゃんボンジョルノ!!-都道8号～コメダ珈琲練馬土支田店-,sm38427200,2026-07-13 18:00:00,【シンプル車載動画投稿祭2026】ミコトと北欧風とカレースープ【モンキー125】,sm46543418
695466,オメガ,2021,False,2021-12-12 23:51:03,【ゆっくり車載動画】リトルカブでゆるキャン3(橘ふれあい公園)(後半),sm39747928,2022-01-17 00:10:02,【ゆっくり車載動画】リトルカブでホテル泊(埼玉県 与野),sm39908355
765895,Cailleux,2021,False,2021-03-15 02:45:02,【VOICEROID車載】冬のるんるん走行会に行ってきました,sm38422665,2023-12-26 22:55:02,結月ゆかりの伸びしろレーシング【番外編：初めてのオートテスト】,sm43195772
823279,KIHA,2021,False,2021-09-07 13:48:03,ゆかりと葵のちょっとゆるぽた？,sm39299694,2023-05-07 19:01:02,ゆづポタ-櫻木神社-【自転車動画祭2023春】,sm42191193
937813,Megmarian,2021,True,2021-08-21 00:16:02,セイカとゆかりのこの辺でちょいとドライブ #0 お試し投稿・北海道百年記念塔【ボイロ車載】,sm39213477,2026-07-14 18:00:00,ゆかりんのたまには自分もドライブ(仮) 三笠の歴史とジオを感じよう編【シンプル車載動画投稿祭2026】,sm46546629
941196,ttim585,2021,False,2021-08-09 16:57:02,【ゆっくり車載】秋田県道の駅全通RTA　52時間16分(1/5)　,sm39153698,2021-09-12 11:38:02,【ゆっくり車載】秋田県道の駅全通RTA　52時間16分(5/5),sm39322727
997288,konakona,2021,False,2021-05-22 15:04:02,【ロードバイク車載】ゆかりさんのゆるポタ,sm38773457,2023-10-21 22:03:02,ゆかりさんのゆるポタ２６　鳥取うみなみ250【ニコニコ自転車動画祭2023秋】,sm42922513
999046,ずごっく512E,2021,False,2021-07-02 23:07:02,【VOICEROID車載】ドラレコの録画動画は素材として使えるか【テスト】,sm38972703,2021-07-02 23:07:02,【VOICEROID車載】ドラレコの録画動画は素材として使えるか【テスト】,sm38972703
1044277,犬千代,2021,False,2021-12-20 11:33:04,【VOICEROID車載？】国道151号線を走るだけ　1,sm39779296,2022-03-13 22:10:04,【VOICEROID車載】奥大井湖上駅へドライブしてきた2022,sm40171557
1046231,だいす,2021,False,2021-03-21 20:35:49,[VOICEROID車載]結月ゆかりとバイク旅 #0 ～納車、旅の始まり～,sm38466924,2021-04-13 23:00:00,[VOICEROID車載]結月ゆかりとバイク旅 #2 ～初ツーリング！後編～,sm38576504
1198869,ごっつ,2021,True,2021-11-15 23:45:03,[VOICEROID車載]東北きりたんの近くに行きたい＃１,sm39628882,2026-01-23 19:00:00,[VOICEROID車載]結月ゆかりと東北きりたんのわたしたちはあちこち行きたい!!＃1[2026年初日の出],sm45866174
1206228,okwsin,2021,False,2021-10-31 19:36:03,ボルティーにタコメーターを取り付ける。【ゆっくり車載】,sm39560765,2022-12-22 23:10:04,sv650 で行く！霞ケ浦、大洗ツーリング【voicevox車載】,sm41541653
1220691,ゼルモン,2021,False,2021-07-25 21:58:02,【VOICEROID車載】ゆかりさんと各地の良いとこ探し 兵庫ツーリング part1,sm39084671,2021-10-18 00:11:03,【VOICEROID車載】ゆかりさんと各地の良いとこ探し 兵庫ツーリング part2,sm39497969
1234875,クレユー,2021,False,2021-09-14 04:56:02,【ゆっくり車載】初心者ライダーがゆっくり車載動画を作ってみたvol.0前半,sm39331642,2021-09-17 01:01:02,【ゆっくり車載】初心者ライダーがゆっくり車載動画を作ってみたvol.0後半,sm39344301
1234919,仮面之人,2021,False,2021-11-05 22:01:02,【自転車車載】お嬢様とロードバイクでゆくゆるぽたライフ#2【自転車動画祭2021秋】,sm39583614,2021-12-28 18:15:02,【自転車車載】お嬢様とロードバイクでゆくゆるぽたライフ#5【芦屋海岸リベンジ】,sm39818244
1239000,みそすーぷ,2021,False,2021-11-07 15:53:02,結月ゆかりよ、ペダルを回せ！♯１【自転車動画祭２０２１秋】,sm39591591,2022-07-07 02:21:02,結月ゆかりよ、ペダルを回せ！【キャンプライド】,sm40731663
1240071,大福,2021,False,2021-10-24 23:24:02,【愛川町】アラフォーおっさんの休日録　服部牧場編【ずんだもん車載】,sm39529155,2023-11-25 12:21:02,【宮城県】アラフォーおっさんの休日録　宮城旅行編【ずんだもん車載】,sm43066514
1253377,ひじりん,2021,False,2021-04-11 19:19:02,ロードバイク始めました_その1_雨沢峠,sm38567436,2021-12-14 08:11:02,ロードバイク始めました_その8_リハビリライド,sm39752993
1329105,稲なんとか,2021,True,2021-05-05 03:20:03,車載動画のお試し,sm38687691,2026-07-30 20:31:15,【ニコニコダム祭り】房総のダムカレー,sm46606700
1390015,あまみや,2021,False,2021-08-13 18:55:02,[VOICEROID車載]GoProを買ったので試し撮りしたい！ モトブログ#0,sm39174987,2021-08-31 01:21:02,[VOICEROID車載]人生初の公道はレンタルバイク！Rebel 250 モトブログ#1,sm39264854
1407863,じむ郎,2021,False,2021-01-29 21:03:02,ＣＢゆかり　１,sm38193226,2021-01-29 21:03:02,ＣＢゆかり　１,sm38193226
1497562,AMP（あんぷ）,2021,False,2021-04-01 02:17:02,【桜乃そら＆東北ずん子車載】青空ずん道中の旅 with CBR250RR 第一話(2019/4撮影),sm38515837,2021-05-29 22:55:02,【桜乃そら＆東北ずん子車載】青空ずん道中の旅 with CBR250RR 第二話(2019/5・GW撮影),sm38809486
1511256,ずしみ,2021,False,2021-12-10 22:29:02,琴葉茜が代読するおっさんの京都 叡山電鉄・鞍馬山ケーブルに乗った感想,sm39736492,2024-08-19 00:00:00,【シンプル車載動画投稿祭】琴葉茜が代走する関空島ドライブ【日産オーラ】,sm43956037
1700443,ビン牛乳,2021,True,2021-11-20 09:00:00,自転車競技RTA！第1回,sm39645881,2026-06-08 18:00:00,自転車競技RTA！第６６回　Mt富士ヒルクライム２０２６,sm46410592
1726946,トップガン,2021,True,2021-01-03 00:45:02,【ロードバイク車載動画】ロッテファンが自転車で紅葉狩りに行く【奥津渓】,sm38064004,2026-07-05 09:57:55,【ロードバイク車載】ロッテファンの自転車紀行　part24【グランフォンド小諸】,sm46514261
1741378,Tomy,2021,False,2021-05-30 17:58:02,【車載動画】GRヤリスでオートテスト初参加！,sm38813888,2021-05-30 17:58:02,【車載動画】GRヤリスでオートテスト初参加！,sm38813888
1849637,れつぺん,2021,False,2021-12-12 21:00:00,北陸探訪touring #01【石川県/狼煙】,sm39746813,2024-12-31 20:00:00,北陸探訪touring #33【最終回】,sm44451716
1854152,天城,2021,False,2021-04-01 20:28:02,【東北イタコ車載】我輩はCBR250Rである。 #01「うぐいすラインと鯉こく定食」,sm38520306,2024-11-11 00:00:00,【茨城動画祭2024】ブタ日記#04～つくばエキスポセンター【吾輩はCBR250Rである】,sm44309571
1895883,modoru,2021,False,2021-08-08 01:11:03,&quot;瀬戸&quot;でマグカップを買う。,sm39145816,2021-11-28 14:41:02,&quot;釜戸&quot;と&quot;大湫&quot;でウォーキングを楽しむ。,sm39683205
1958036,テイルカレン,2021,False,2021-10-17 10:36:02,【VOICEROID旅行】ゆづきずのお出かけダイアリー（三重編part1）,sm39493695,2021-10-17 10:36:02,【VOICEROID旅行】ゆづきずのお出かけダイアリー（三重編part1）,sm39493695
2016487,lili,2021,False,2021-08-21 00:00:00,彼女の恋人【第7回ひじき祭】,sm39209839,2021-08-21 00:00:00,彼女の恋人【第7回ひじき祭】,sm39209839
2052097,びろびろ,2021,False,2021-07-26 20:33:02,千葉の勝浦行ってきたよ！【Voiceroid車載】,sm39088482,2022-02-13 00:00:00,磐田に行ってきた！【Voiceroid旅行】,sm40030842
2138335,Tak,2021,True,2021-05-19 22:30:03,【ゆっくり車載】CBR250Rでまったりツーリング Part 0【テスト投稿】,sm38760988,2026-07-24 18:00:00,宮舞、またまた東北へ行く with 六花【後編】,sm46582153
2213181,そらがく,2021,False,2021-04-23 07:00:00,【VOICEROID車載】走って休んでまた走る　そのに　羽田空港・天空橋駅,sm38620626,2022-02-19 22:30:00,【VOICEROID車載】走って休んでまた走る　その５　用宗漁港・登呂遺跡・日本平　後編,sm40066287
2218015,awawawawawa,2021,False,2021-08-20 20:00:00,【結月ゆかり車載】冴えない中年の走りかた #0「愛と教習と納車の茶番回」,sm39211520,2023-07-12 02:23:00,【CeVIO車載】 ／^o^＼ﾌｯｼﾞｯｻｰﾝ 【シンプル車載動画投稿祭】,sm42472390
2440824,しろー,2021,False,2021-02-10 21:40:03,【VOICEROID車載】琴葉姉妹とどっか行く#0 ぐだぐだ古民家探訪,sm38253455,2022-07-15 19:00:00,【VOICEROID車載】琴葉姉妹とどっか行く#4 故郷は遠きにありて思ふもの,sm40770735
2585150,えむぴ,2021,False,2021-11-21 22:04:03,【第一回目】Vergeで行くのんびりぽたりんぐ【ゆっくり自転車車載】,sm39653831,2024-01-07 19:30:00,エモンダはえーもんだ（仮）じゅうにかいめ,sm43245222
2624070,fsr,2021,False,2021-09-01 20:00:00,【自転車】ゆっくり道中記 鎌北湖編,sm39272277,2022-10-28 20:00:00,【自転車】ゆっくり道中記 赤城山ヒルクライム編,sm41288385
2686695,street13,2021,False,2021-02-19 14:36:02,福山グリーンラインを走る【ゆっくり紹介】,sm38297534,2021-02-19 14:36:02,福山グリーンラインを走る【ゆっくり紹介】,sm38297534
2723918,ありむー,2021,False,2021-02-19 18:51:02,ヴィッツで山を走ってみたwith結月ゆかり in九十九曲峠,sm38298490,2023-09-24 21:30:00,ドライバーゆかりはヴィッツとでかけたい！ 大分県酒呑童子山へどらいぶ。【A.I.VOICE車載】,sm42804531
2739634,tap,2021,False,2021-03-21 17:23:03,のんびりサイクリング　その１,sm38466156,2021-10-29 18:23:03,のんびりサイクリング　その１４　～奥多摩、小河内ダム～,sm39549231
2744598,Yamamaya,2021,True,2021-09-11 06:01:02,【弦巻マキ実況】大人の夏休み2021～北海道ソロ釣りキャンプ旅～その１ 北海道上陸編,sm39315994,2026-08-13 06:00:00,山梨県早川町で「モノノケのムスメ」スタンプラリーをやってきた！【 #弦巻マキ #小春六花 実況】 #フライフィッシング,ss46660391
2792086,じょっぱり,2021,False,2021-08-13 11:26:02,【VOICEROID車載】BRM320 広島･三次･松山600km 前編【琴葉葵と日々輪々#1】,sm39172798,2021-08-22 23:44:02,【VOICEROID車載】BRM320 広島･三次･松山600km 後編【琴葉葵と日々輪々#2】,sm39225010
3079543,くろも,2021,False,2021-05-11 19:00:00,【ロードバイク車載】中の人などいない!!はなきりヒルクライム【VOICEROID】,sm38701599,2023-08-06 20:20:00,【道志みち】道志みちで富士ヒル反省会!!【VOICEROID車載】,sm42585626
3132144,青（ikurise）,2021,False,2021-03-22 19:00:00,ゆく年くる年ぽたりんぐ 2020 to 2021,sm38469065,2024-01-02 20:00:00,FUJI-SANぽたりんぐ,sm43223580
3226007,PJ,2021,False,2021-12-23 17:00:00,【紲星あかり車載？】あかりさんと砂漠の女王 第00話 「新車バージン、散る。」【CRF1100L】,sm39791876,2021-12-24 17:00:00,【紲星あかり車載】あかりさんと砂漠の女王 第01話 「こうしてオレはおまけ憑きの女王にのったのさ」【CRF1100L】,sm39796817
3231000,s-rush（現逃P）,2021,False,2021-06-04 18:00:00,【VOICEROID車載】NINJA250で行く紲星あかりのぶらり旅 Part1 納車編,sm38835846,2021-07-13 18:00:00,【VOICEROID車載】NINJA250で行く紲星あかりのぶらり旅 Part5 草津志賀高原ツーリング前編,sm39024186
3412405,百舌,2021,False,2021-09-15 12:15:00,【cevio車載】青森走ってみた　vol.(-1),sm39335637,2021-09-15 12:15:00,【cevio車載】青森走ってみた　vol.(-1),sm39335637
3614086,ばたぞー,2021,True,2021-12-04 10:37:02,X-ADVで福島へ行ってきました 2021 前篇,sm39708106,2026-08-07 12:14:31,ヤマハの三輪車(TRICITY)でSSTRに初参加しました 2026,sm46625914
3640159,コメット,2021,True,2021-04-21 12:00:00,ゆかり栃木探訪記,sm38612776,2026-06-15 00:00:00,【ゆかずん車載】ゆかずん栃木探訪記#25【VOICEROID車載】,sm46435992
3970704,元仏駐在,2021,False,2021-03-05 06:00:00,【VOICEROID車載】葵ちゃん in France : パリ近郊日帰り旅行（テスト兼 Part1）,sm38368761,2021-07-12 06:00:00,【VOICEROID車載】葵ちゃん in France : ブドウ畑ウォーク Part1,sm39017957
4040642,coron,2021,False,2021-10-09 22:00:03,【サイクリングロード】石川県の自転車道を走ってみた～加賀海浜自転車道～,sm39454969,2021-10-09 22:00:03,【サイクリングロード】石川県の自転車道を走ってみた～加賀海浜自転車道～,sm39454969
4635591,しるう”ぁ,2021,False,2021-05-14 02:25:02,ゆかりさん導入テスト その2,sm38732904,2021-05-14 02:25:02,ゆかりさん導入テスト その2,sm38732904
5292368,右左,2021,False,2021-07-05 22:06:02,琴葉姉妹とバイクで遊ぶ ～富士スバルライン～,sm38988047,2024-10-18 00:39:03,【日帰り旅行祭2024】琴葉姉妹とバイクで遊ぶ～佐渡島一周編～,sm44225693
5520473,ずんだ,2021,False,2021-07-13 22:12:03,~迷子な旅々~ 『飯豊山』,sm39026450,2021-11-27 21:49:03,~迷子な旅々~ 『奥会津の奥を大冒険』,sm39679442
5529736,Σo,2021,False,2021-03-19 00:00:00,【VOICEROID】マキは新しいバイクを手に入れた【MOTORCYCLE】,sm38412431,2021-06-18 17:00:00,【VOICEROID】マキ、西荒川林道で逝く【MOTORCYCLE】,sm38882646
5878049,うといぺんこ,2021,False,2021-05-01 20:03:06,【ゆっくり車載】旧北陸本線のトンネル群,sm38668514,2021-05-01 20:03:06,【ゆっくり車載】旧北陸本線のトンネル群,sm38668514
5926846,usk07,2021,False,2021-03-27 11:56:02,今日はここでコーヒーを飲む　＃０１千畳敷編,sm38493071,2021-04-07 06:43:02,今日はここでコーヒーを飲む　＃０２西鳳翩山編,sm38545391
5987343,Иagi,2021,False,2021-12-31 20:23:04,車窓からこんにちは　東武スカイツリーライン　東向島～曳舟間【別側面祭】,sm39835698,2022-10-10 23:10:00,ちょっとそこまで出かけませんか【日帰り旅行祭】,sm41212070
6155452,ベッチ,2021,False,2021-10-12 19:30:00,【小春六花車載】グランド・ツアー 地平線の向こう側へ！～北海道旅行  第1話～,sm39465080,2023-03-23 20:00:00,【小春六花＆夏色花梨車載】宗谷岬にエサヌカ線！絶景旅と最北端【第3話】,sm41968616
6546200,クーリエ,2021,False,2021-09-04 19:54:03,愛車跨ってちょっとそこまで…【初投稿】,sm39286894,2021-09-04 19:54:03,愛車跨ってちょっとそこまで…【初投稿】,sm39286894
6612014,ずま！,2021,False,2021-12-18 00:01:02,【MS投稿祭】IAとONEのまったり日記　Part.1 レーシングカート！,sm39768106,2021-12-18 00:01:02,【MS投稿祭】IAとONEのまったり日記　Part.1 レーシングカート！,sm39768106
6963812,まれっと,2021,True,2021-08-09 07:17:02,【ボイロ車載】汝、CUBに乗りなさい【初投稿祭】,sm39151871,2026-08-14 19:30:00,【ボイロ車載】あかりちゃんのおたのしみ【四国スポーツラリー2026】,sm46661118
7060920,たばすこ,2021,False,2021-12-22 18:00:00,イタコと行く銀色二輪旅『秋の九州ツーリング　初日編』,sm39787301,2022-12-18 06:00:00,イタコと行く銀色二輪旅『秋の九州ツーリング　二日目前編』,sm41520858
7210981,えるでぃっしゅ,2021,False,2021-08-30 00:22:02,【CoeFont:アリミリ車載】車載世界の片隅で。,sm39259633,2022-02-14 07:35:02,【CoeFont:アリミリ車載】車載世界の片隅で。part3,sm40039918
7232937,ふむった,2021,False,2021-12-18 21:25:02,【MS投稿祭】タカハシ、わたし車を作ります！【自作カート】,sm39771820,2023-04-07 09:51:02,新カテゴリーに進出きりたん【レンタルカートレース】,sm42045723
7329998,浜松のA（仮,2021,False,2021-06-21 17:00:00,頑張って１００km走りたい＿2km,sm38917117,2023-04-24 17:00:00,頑張って１００里走りたい＿8里目,sm42127752
7493421,pouch_man,2021,False,2021-12-18 17:52:02,【MS投稿祭】 有迷チューナー あかりちゃん【VOICEROID車載】,sm39770876,2021-12-18 17:52:02,【MS投稿祭】 有迷チューナー あかりちゃん【VOICEROID車載】,sm39770876
7742541,すけきよ,2021,True,2021-10-01 18:32:02,初心運転者標章マン、放浪の旅に出る　Part1,sm39416445,2026-03-15 20:04:04,途中までどこを走ってるかわからなかった動画【手抜き車載祭】,sm46062089
8134878,37号,2021,False,2021-02-08 20:03:04,【ゆっくり車載】ゆるポタりたいpart0,sm38244146,2024-09-01 15:58:04,【シンプル車載動画投稿祭２０２４】ゆるポタりたいpart５【VOICEROID車載】,sm44052093
8176324,コーラさん,2021,True,2021-02-17 21:21:00,黒い液の旅人 Part.01 納車まで【VOICEROID車載】,sm38289724,2026-08-13 19:00:00,黒い液の旅人 番外編.06 バック・イン・レッド（暫定）,sm46660987
8207568,ゆーき,2021,False,2021-02-28 14:15:02,【VOICEROID車載】GoPro9 ぶれ補正比較,sm38345123,2021-10-15 18:00:00,【岩手巡り#2】高清水展望台(遠野市)から雲海をみる【VOICEROID車載】,sm39481943
8241254,mikado,2021,False,2021-01-03 07:21:00,【支援動画】お嫁にしなさいっ！【今日も今日とてマグナは行く】,sm38064793,2021-01-03 07:21:00,【支援動画】お嫁にしなさいっ！【今日も今日とてマグナは行く】,sm38064793
8978461,とみー,2021,False,2021-11-17 23:42:02,赤沢宿・ゆるキャン聖地巡礼,sm39636581,2023-12-08 15:00:00,【ゆづきず車載】2023年 秋田旅行 1日目　,sm43118563
9019993,WanderingTrucker,2021,False,2021-01-26 15:01:02,ETS2 Day02 北極へゴー!! [VOICEROID実況] ユーロトラックシミュレーター２,sm38177454,2021-01-26 15:01:02,ETS2 Day02 北極へゴー!! [VOICEROID実況] ユーロトラックシミュレーター２,sm38177454
9054849,ごりら,2021,False,2021-02-03 19:00:00,【車載】RTA風ドライブ アリゾナ～ニューメキシコ PART2【ゆっくり】,sm38216373,2021-03-03 19:00:00,【車載】RTA風ドライブ アリゾナ～ニューメキシコ PART5【ゆっくり】,sm38358952
9133008,ボンディーヌ,2021,True,2021-07-18 19:10:02,【VOICEROID車載】彼の地を駆ける～四国ツーリング～,sm39049462,2026-07-20 23:30:00,彼の地を駆ける～【#シンプル車載動画投稿祭2026】～,sm46572598
9201927,ちょっぱー,2021,False,2021-11-21 16:20:02,GPZ900Rで蕎麦を食べに行ってきた！,sm39652340,2021-11-27 19:27:02,祝！動画投稿50作品「50th Anniversary ちょっぱー'sアワード」,sm39679661
9421548,チャマ,2021,True,2021-05-24 00:56:02,【自転車動画祭2021春】北海道ゆるふわポタリング支笏湖編(紋別岳RTA)【VOICEROID車載】,sm38782495,2026-06-25 21:15:50,根室で眠ろ ３眠【冬の道東お写真旅】,sm46477233
9457317,落雁,2021,False,2021-07-17 18:00:00,珍食材お買い物旅！#1　愛媛～高知編,sm39042743,2024-04-30 19:00:00,【佐賀旅行祭】郷土料理を食べよう#3　佐賀県小城市編,sm43709801
9563893,MegRo_Kawazaki,2021,True,2021-05-04 09:52:52,【VOICEROID車載】休日「ゆるぐだ」ツーリング記3【山口県長門市仙崎】,sm38682484,2026-07-19 19:00:00,ヒマワリを見に行く宮舞車載【シンプル車載動画投稿祭】,sm46566649
9673761,ぶらり旅人Broveler,2021,True,2021-04-23 11:03:02,【結月ゆかり】道東ドライブ2泊3日 ~2日目根室→網走~【ゆっくり実況】,sm38621699,2026-05-15 18:00:00,【VOICEROID車載 最終回】自転車で日本縦断の旅REMAKE ~Part40東奔西走沖縄本島 また旅を求めて~【ゆっくり実況】,sm46312353
9930030,shimabro,2021,False,2021-08-13 21:38:02,【ゆかり・鳴花ーズ車載】ぐだぐだツーリスト日誌 part1,sm39175840,2022-01-09 08:39:03,【ゆかり・鳴花ーズ車載】ぐだぐだツーリスト日誌 part3,sm39873612
9989623,エリック中村,2021,True,2021-02-04 21:37:02,葵ちゃんついて来る？第1話「簡単に言えば暗めの水色です」,sm38223618,2026-08-10 18:00:00,りりせと暑い中、芸術を見てお風呂に入った時の話【XSR700】,sm46649319
10106337,たてのさん,2021,False,2021-05-13 22:30:03,ネコミミライダー（♂）　カメラ、マウントテスト,sm38731891,2021-11-20 08:44:02,メテオ350　,sm39646044
10161892,シューミ＠ライコ,2021,False,2021-10-12 22:40:02,【VOICEROID車載】ゆかり＆あかりと行くシビックハッチバック　Part.1　南信～白馬～親不知【FK7】,sm39469524,2025-03-02 17:01:07,【VOICEROID車載】ゆかり＆あかりと行くシビックハッチバック　Part.19　朝霧高原（伊豆 前編）,sm44716815
10719244,takapon,2021,True,2021-03-26 03:44:02,浮世絵茜はひた走る 腐道酷道編 part1 府道62号線 宇治田原ー和束,sm38487383,2026-03-31 23:44:04,カメラが捉えた衝撃の手抜き車載【手抜き車載祭】,sm46118314
10894926,takenosa,2021,False,2021-04-12 20:00:02,【リアル登山アタック】八溝山RTA 0h38min.【CeVIO】,sm38571927,2023-11-26 08:00:00,【P&amp;R旅行祭】ライトラインdeやまあるき【リアル登山アタック】,sm43070513
11254583,ニ槍,2021,False,2021-11-28 22:03:02,白図の先へ〇〇〇〇〇と,sm39685555,2021-11-28 22:03:02,白図の先へ〇〇〇〇〇と,sm39685555
11765726,タタレロ,2021,False,2021-12-26 00:40:02,ブイストローム２５０で行く鳥取島根旅行パート２,sm39806239,2023-09-08 17:36:03,車載とれず！？車載なし車載動画　壱岐編,sm42734242
12137480,mofumofuhome,2021,True,2021-07-29 20:19:02,ゆっくり車載（猫）　Part1　真夏ドライブ！　それでもやはり世界は美しい！　与板～ながおか花火館・越後七浦シーサイドライン,sm39101792,2026-08-13 20:12:41,ゆっくり車載（猫）Part11　北陸スタンプラリー　その5,sm46663515
12978863,yakumo,2021,False,2021-11-14 13:02:02,結月ゆかりはつまみを探す 鎌倉,sm39621254,2021-11-14 13:02:02,結月ゆかりはつまみを探す 鎌倉,sm39621254
13044195,オカチ,2021,False,2021-07-11 21:36:03,【VOICEROID車載】じゃあぼく沖縄ツーリングするから...,sm39017274,2021-07-11 21:36:03,【VOICEROID車載】じゃあぼく沖縄ツーリングするから...,sm39017274
13547390,狐月もこ＠MKO,2021,False,2021-01-13 14:26:02,【雑談】だべリング＃０【サイクリング】,sm38114117,2021-01-13 14:26:02,【雑談】だべリング＃０【サイクリング】,sm38114117
13645196,ジョーロ,2021,False,2021-05-13 13:28:00,【弦巻マキ車載】弦巻マキとのFreie Fahrt（自由旅） ～Nein.00～【BMW328i】,sm38729191,2021-12-01 08:00:00,【弦巻マキ車載】弦巻マキとのFreie Fahrt（自由旅） ～Nein.02～ 千葉の奥の細道【BMW328i】,sm39695267
13751677,こたつ,2021,False,2021-04-16 18:00:00,【ゆっくり車載】距離ガバ力を鍛えたいpart1【北関東編】,sm38587274,2023-09-30 18:00:00,【voiceroid車載】ゆかりさんと関東道の駅巡りpart57【道の駅和田浦WA・O】,sm42827410
13947555,トトリ△,2021,False,2021-01-19 02:16:03,【琴葉姉妹車載】ことのはバイク日誌 Part1,sm38142042,2021-09-05 01:00:00,【琴葉姉妹車載】ことのはバイク日誌 Part10 奥多摩,sm39287308
14406109,伊達。,2021,False,2021-05-26 22:34:02,自転車借りてゆるポタ旅　柏島編【自転車動画祭2021春】,sm38795256,2022-05-12 21:00:00,タカつづゆるポタ旅　呉編②【ニコニコ自転車動画祭2022春】,sm40456596
14575847,ChocoMintz,2021,False,2021-02-16 21:00:00,【車載】茜ちゃんがツーリングを見守るだけ【ボイロ】,sm38284958,2022-11-23 20:28:02,【VoiceLoid】茜ちゃんが HAWK11納車ツーリングを見守るだけ。【バイク車載】,sm41412514
15035706,チャリできたきつね,2021,False,2021-11-11 15:17:02,【ロードバイク車載】ペダル回したその先に＃1【フジイチ？編】,sm39607933,2022-12-31 08:48:02,【ロードバイク車載】ペダル回したその先に＃2【函館編】,sm41582907
15214228,もみじ@ロケットⅢ,2021,True,2021-11-05 23:54:02,ローちゃん乗って温泉行こうよ！千葉南房総半島編１,sm39584258,2025-08-28 19:00:00,【レシピルート10ＭＲ】僕は六花と旅をする　見えない物を祀る場所,sm45342964
15613091,出弓,2021,False,2021-01-11 22:30:02,【VOICEROID車載】ちょっとそこまで一人旅vol.1 沖縄へGO前半＋おまけbiim,sm38107095,2021-01-11 22:30:02,【VOICEROID車載】ちょっとそこまで一人旅vol.1 沖縄へGO前半＋おまけbiim,sm38107095
15680889,みゅら～/すそぱそ,2021,False,2021-06-07 01:50:02,【Voiceroid車載】社畜の逃避行 ぱーといち！,sm38850400,2021-06-07 01:50:02,【Voiceroid車載】社畜の逃避行 ぱーといち！,sm38850400
15777782,とりけん,2021,False,2021-03-23 08:51:03,あかりさんのきまぐれ放浪記2 バイク納車＆準備編,sm38474262,2024-08-18 18:18:00,あかりさん達のきまぐれ放浪記57 信州長野侵襲最終日編,sm43951927
15846470,ひとは,2021,False,2021-08-28 10:00:00,そらちゃんと行く MR-SでRunabout！ Part.1,sm39248662,2025-03-04 18:00:00,【桜乃そら車載】そらちゃんと行く MR-SでRunabout Part.11,sm44723621
16024018,おちゅんぱ,2021,False,2021-02-24 21:08:02,【ボイロ車載】ことのはと！ロハスなドライブ その１【琴葉茜・葵】,sm38326322,2021-02-24 21:08:02,【ボイロ車載】ことのはと！ロハスなドライブ その１【琴葉茜・葵】,sm38326322
16060195,JiN@C125,2021,False,2021-07-05 11:09:02,【紲星あかり車載】うp主はCUBに乗る #0 新潟県南魚沼市の本気丼2019,sm38985628,2022-04-23 21:05:03,【紲星あかり車載】うp主はCUBに乗る #3 千葉県銚子市の平目天重,sm40363962
16428878,ゆうちゃん★ミト,2021,False,2021-10-16 20:57:02,広島のショッピングモールで買い物by小春六花と愉快な仲間たち,sm39490753,2021-10-16 20:57:02,広島のショッピングモールで買い物by小春六花と愉快な仲間たち,sm39490753
16460904,紅まめ,2021,False,2021-03-07 13:03:02,【ボイロ車載】カロスポでドライブ！【音街ウナ&amp;結月ゆかり】,sm38380180,2021-08-03 21:54:02,【ボイロ車載】カロスポでドライブ！ #4 ～秘境ラーメン～ 【音街ウナ&amp;結月ゆかり&amp;紲星あかり】,sm39126630
16558103,きしな,2021,False,2021-10-19 19:59:02,【GSX1400でゆく！！part4】四国カルストツーリング【VOICEVOX車載】,sm39505171,2023-01-13 22:03:03,【VOICEVOX車載】GSX-S1000GTで四万十川じゃんロックフェスティバルに行ってきたR4/10/2,sm41646447
16681454,てっちー,2021,False,2021-05-08 15:28:12,ニコニコ自転車動画祭2021春CM,sm38705672,2025-03-21 18:00:00,【ロードバイク車載】風の向くまま気の向くままに 雑談回,sm44789497
16798811,マーフィー,2021,True,2021-11-05 21:19:02,【VOICEROID自転車車載】旧中山道を往く part1「日本橋、板橋」,sm39583204,2025-11-23 19:19:00,【ボイロエッセイ投稿祭】荒川サイクリングロード100%（じゃなかった）_謎の自分語りを添えて【自転車車載】【動画投稿振り返り？】,sm45652307
17005713,ミナト-youatto-,2021,False,2021-09-05 21:40:03,【バイク楽しすぎ？！】ロードバイク乗りが、2年経ったらバイク乗りになっていた件について【佐多岬ツーリング導入編】,sm39293211,2022-01-31 19:00:00,【方向音痴スギィ！】行き当たりばったり過ぎて辛い…【佐多岬ツーリング本編Part.1】,sm39971991
17050176,大ヒネ404,2021,False,2021-02-12 19:25:03,【VOICEROID車載】銀のセダンとゆかりさん　第0回「納車ドライブ」　,sm38263236,2021-02-12 19:25:03,【VOICEROID車載】銀のセダンとゆかりさん　第0回「納車ドライブ」　,sm38263236
17555313,かるぼｎ,2021,False,2021-05-27 00:00:00,【RTA】名古屋高速 都心環状線一周 WR 0：10：30【車載動画】,sm38795866,2021-05-27 00:00:00,【RTA】名古屋高速 都心環状線一周 WR 0：10：30【車載動画】,sm38795866
17588324,なめくら,2021,False,2021-05-04 04:18:02,【VOICEROID車載】葵ちゃんのやりたいこと Vol.1,sm38681958,2024-03-03 12:00:00,【VOICEROID車載】こぺドラ　⑥ー2023年活動まとめー,sm43476707
17611295,(ぽん),2021,True,2021-11-08 08:11:00,【VOICEROID車載】電動キック！茜ちゃん　第0話「輪行でりんくう→泉南イオンへ　～紀州街道&amp;府道250号～」,sm39595165,2026-03-31 23:59:00,カブで征く、阿蘇と桜と茜ちゃん,sm46118359
17713196,Jack Dan,2021,False,2021-10-09 04:03:02,不定期連載 MOTORVOGEL_EP1,sm39451270,2023-03-17 20:30:03,EP.7 三峰神社お礼参り不定期連載 MOTORVOGEL,sm41943109
17923494,やなぎ,2021,False,2021-12-02 00:00:00,【MS投稿祭】ロードスターで本庄サーキットを走ってきた【車載動画/四国めたん】,sm39698738,2021-12-02 00:00:00,【MS投稿祭】ロードスターで本庄サーキットを走ってきた【車載動画/四国めたん】,sm39698738
19183923,タカノハ,2021,False,2021-09-21 21:32:02,「結月ゆかりのミラジーノに乗って」_テスト,sm39369187,2022-08-09 23:57:02,「結月ゆかりのミラジーノに乗って」_Part.2,sm40898808
19313396,こぶあらくさ,2021,True,2021-01-03 21:12:02,瀬戸大橋,sm38068546,2026-07-16 18:00:00,【シンプル車載動画投稿祭】ゆるっとドライブ！中国地方を行こう～笠岡ベイファーム編～【蓮鬼ねむ】,sm46536501
19532888,hogeiing,2021,False,2021-09-20 17:00:00,珍食珍道中 おかわり!　9品目　鷹取醤油　燕来庵「ポン酢ソフト」,sm39363023,2021-09-20 17:00:00,珍食珍道中 おかわり!　9品目　鷹取醤油　燕来庵「ポン酢ソフト」,sm39363023
19691977,あまにた,2021,True,2021-05-21 17:00:00,ゆかきりロードバイク紀行　～夏の渋峠編～,sm38758542,2026-08-03 20:30:00,ゆかきりロードバイク紀行　～春の万座温泉・渋峠編～,sm46623153
19818325,松村 博司,2021,False,2021-06-04 22:15:03,春の博多・やっぱりグルメの旅　その1,sm38838221,2021-06-04 22:15:03,春の博多・やっぱりグルメの旅　その1,sm38838221
19942117,鳥カラ,2021,True,2021-08-15 08:00:00,【VOICEROID車載】和歌山ツーリング記録　part1,sm39177948,2026-06-28 19:00:00,【ソフトウェアトーク車載】岐阜バンジー本番,sm46483051
20003121,赤島,2021,False,2021-11-17 13:45:28,1分でだいたいわかる車載×キッチン企画『レシピルート10』,sm39634230,2021-11-17 13:45:28,1分でだいたいわかる車載×キッチン企画『レシピルート10』,sm39634230
20464532,naotyu-,2021,False,2021-11-05 19:00:00,【歌うボイスロイド】Roadside Station【オリジナル曲】,sm39581454,2025-07-21 06:00:00,【シンプル車載動画投稿祭】セブンとドライブ【富士山見えるかな】,sm45207942
20580043,椋鳥,2021,False,2021-02-18 23:28:02,あかりちゃんのお出かけ記録 ♯1「強風の夕やけこやけライン」,sm38295430,2024-12-11 23:04:03,【モータースポーツ投稿祭2024】初めてのサーキット走行！【SPA直入】,sm44416206
20580819,白沢_しろさわ,2021,False,2021-07-25 13:23:02,【CeVIO車載】こはこはドライブトラベラーズ【小春六花】,sm39081768,2024-08-09 20:00:00,【CeVIO車載】こはこはドライブ　伊勢志摩スカイラインを食べる 三重県鳥羽市【小春六花】,sm43935120
20976796,ソルファ,2021,False,2021-05-09 20:12:04,クロスカブで行くゆかりの三河巡りの旅　伊良湖岬編,sm38713573,2021-05-09 20:12:04,クロスカブで行くゆかりの三河巡りの旅　伊良湖岬編,sm38713573
21249257,とむ猫,2021,True,2021-11-18 14:03:04,小春はGROMで旅に出る０１　撮影テストで手賀沼・印旛沼・利根川ご近所ツーリング,sm39638327,2026-08-08 22:04:29,岩船山と猫神社,sm46642469
21384964,ひろミソギ,2021,False,2021-11-26 19:00:00,東北きりたんの江東区水辺探訪記【VOICEROID車載　旧中川の日常】＃3,sm39661415,2021-12-24 19:00:00,東北きりたんの江東区水辺探訪記【VOICEROID車載　四季を巡る　秋】＃７,sm39787658
21533221,Udon-Shinta,2021,False,2021-03-31 16:39:02,バイク車載03【ご近所ツー】Harley-DavidsonヘリテイジFLSTCソフテイルクラシック,sm38513943,2021-03-31 16:39:02,バイク車載03【ご近所ツー】Harley-DavidsonヘリテイジFLSTCソフテイルクラシック,sm38513943
21824765,モノロク,2021,False,2021-05-30 21:54:02,【CeVIO車載】こはるりは駄弁りながらツーリングがしたい Part1【山中湖】,sm38815374,2021-12-08 19:00:00,【CeVIO車載】こはるりは駄弁りながらツーリングがしたい Part5【会津磐梯その２】,sm39725874
22176636,こむぎ,2021,True,2021-08-12 20:33:02,【紲星あかり車載】GPZ1100ツーリング テスト動画,sm39168869,2026-05-29 20:00:00,【紲星あかり・東北きりたん車載】あの旅の続きをしよう part49  ～袖山高原編～【GPZ1100ツーリング】,sm46353643
22264565,vodka,2021,False,2021-02-07 13:08:02,【結月ゆかり車載】車載テスト動画,sm38236921,2023-03-05 23:54:02,結月ゆかりの見たことのない景色へ Ep3,sm41888785
22515064,びびらぜ,2021,False,2021-06-14 11:57:02,ゆかりさんとゆっくりさんのゆるぽた日和1,sm38884489,2021-06-14 11:57:02,ゆかりさんとゆっくりさんのゆるぽた日和1,sm38884489
22632479,とともも,2021,False,2021-07-26 02:10:02,貧脚がiphoneでロードバイク車載やってみた,sm39086015,2021-07-26 02:10:02,貧脚がiphoneでロードバイク車載やってみた,sm39086015
23092253,MarinAir,2021,False,2021-11-28 22:04:03,【CeVIO車載】バイク乗りは旅に出たい!! 〜神戸・岡山・瀬戸内海編〜　Part1,sm39685454,2024-05-10 19:00:00,バイク乗りは旅に出たい!! 年末年始編（2021→2022） 後編,sm43764024
23292270,レックスP,2021,False,2021-10-10 10:10:00,【響誕】トリシティでどこに行く納車編,sm39445071,2022-09-16 20:00:00,トリシティでどこに行く舞浜編Part2【ゆかり・きりたん車載】,sm41058914
23467970,ヤミカ,2021,True,2021-05-10 18:30:03,あかきりのサイクル日和01　三河湾スカイライン,sm38716220,2025-10-28 18:00:00,あかきりサイクル日和　2024-2025東海CX 千石公園,sm45563298
24479712,カヤ,2021,True,2021-10-25 14:06:02,【coefont旅行】ミリアリ姉妹はお遍路がしたい！#3 歴史香る阿波の町（8番・9番札所）,sm39531172,2026-06-22 01:26:14,これは詳細を省くが結論だけ言うとお前は〇ぬ【車載】,ss46463626
24568227,chinanago,2021,False,2021-08-17 09:58:03,【VOICEROID車載】姉妹ride on　part2,sm39195011,2021-08-17 09:58:03,【VOICEROID車載】姉妹ride on　part2,sm39195011
24688761,マナヴ,2021,False,2021-08-19 22:00:00,三十路を過ぎてバイクの車載動画を始めてみます。　＃０「免許取得、車両選び、テスト撮影」【鳴花ーズ車載】,sm39206714,2023-07-14 16:00:00,桂浜に行ってきた！【シンプル車載動画投稿祭】,sm42480406
24773699,黒之瀬ゆう,2021,True,2021-01-06 20:00:00,【VOICEROID車載】納車動画編,sm38076124,2026-07-04 18:00:00,KLX230 Sherpa　納車動画,sm46497205
24841916,空三郎,2021,True,2021-10-08 21:58:04,【ふらっとバイク旅】インスタントコーヒーとうどんと神宮編,sm39450033,2025-11-20 20:24:04,【CeVIO車載】夏の適当ロンツースペシャル14最終回,sm45645739
25006774,TYM,2021,False,2021-11-01 01:12:02,岡山県北きりたん part.1 キャンプ編 奥津湖,sm39562904,2022-01-09 00:08:02,岡山県北きりたん part.5ぶらり編 道の駅久米の里周辺 2,sm39872585
25259351,ぺぺち,2021,False,2021-02-27 18:11:02,【リアル登山アタック】三上山RTA【VOICEROID】,sm38340424,2024-11-23 08:30:00,【日帰り旅行祭2024】ご当地 世界遺産【大 遅 刻】,sm44351717
25460182,まっさん,2021,False,2021-11-22 08:23:02,迷子のきりたんと行く　長崎観光迷？所　香焼町編,sm39655633,2023-02-14 00:48:02,深堀町探訪　長崎さるくコース編その２,sm41793819
25627113,User 25627113,2021,False,2021-08-09 12:03:02,旧車でおちらとツーリング　～隼駅編～,sm39152506,2023-07-08 13:04:02,おちらとお散歩ツーリング　～宍道湖編～,sm42456370
25921634,はにわ麻呂,2021,True,2021-01-03 13:41:02,【VOICEROID車載】いい感じのタイトルが思い浮かばなかった車載動画っぽいもの part2「本州最南端」編,sm38066103,2026-08-15 20:30:00,ちょうどいい自由旅？ episode00,sm46669904
25929343,夜勤,2021,False,2021-04-19 14:14:02,テスト動画　鳴門公園,sm38604103,2023-07-28 19:47:02,ゆかりさんとNinja400でツーリング　part6 小豆島編,sm42541380
26573940,しn太,2021,False,2021-08-20 23:03:02,【ロードバイク車載】紲星あかりと行く動画作成【voiceroid旅行】,sm39212620,2021-09-10 22:20:02,【ロードバイク車載】紲星あかりと一緒に道具紹介【voiceroid解説】,sm39314088
26617246,コケ玉,2021,False,2021-12-01 22:42:03,どこかにでかけたい！第1回（調神社）,sm39698446,2021-12-01 22:42:03,どこかにでかけたい！第1回（調神社）,sm39698446
26924456,カーペット,2021,True,2021-12-01 11:36:02,【東北きりたん車載】レンタルカート耐久レースに挑戦！【MS投稿祭】,sm39695918,2026-07-18 14:16:52,【第8回ボイカーナ】歩こう走ろう屋根開けよう【VOICEROID車載】,sm46561908
27184773,suo,2021,False,2021-11-08 01:35:02,ミニベロ旅日記～多摩湖自転車道編～,sm39594785,2021-11-08 01:35:02,ミニベロ旅日記～多摩湖自転車道編～,sm39594785
27355619,脳みそ海綿隊,2021,True,2021-12-30 18:00:00,ずんだもんと行く！！ホームラン出るまで帰れま10【西日本縦断旅2日目】,sm39828318,2025-09-01 19:00:00,ずんだもんと行く！！ホームラン出るまで帰れま10【西日本縦断旅12日目】最終回,sm45360665
27357685,Fmickey,2021,False,2021-01-23 15:39:02,【バイク車載】サンダーバードで行く東北一周【道の駅スタンプラリー】Part 1,sm38161860,2021-03-09 00:54:02,【バイク車載】サンダーバードで行く東北一周【道の駅スタンプラリー】Part ４,sm38388975
27391591,社畜のお燐,2021,True,2021-03-31 14:06:02,「VOCALOID車載」バイクで行く　お燐とあかりの西日本ツーリング1-3,sm38513577,2026-03-06 21:48:04,【日帰り旅行祭2026】北海道に来る全てのライダーへ 苫小牧ライダーの過ごし方 北海道ツーリング[VOICEROID車載],sm46029054
27764060,あきた(田んぼ),2021,False,2021-01-22 20:00:00,【ゆっくり】岐阜・白川のんびりポタ,sm38156003,2022-08-31 18:30:00,ノンストップで行く東北自転車旅。~part2~,sm41009698
28387687,n@sne,2021,False,2021-03-29 21:09:03,【小春六花車載】春を迎えるツーリング【テスト編】,sm38505893,2023-02-07 19:00:00,【CeVIO車載】小春六花の神奈川縦断ふらり旅　「地元紹介祭-前夜祭」,sm41761844
28548110,手力男命,2021,False,2021-04-26 18:56:02,【VOICEROID車載】ちっこいバイクで、おじろじろキャンプ場でソロキャンツーリング,sm38641770,2023-12-18 21:03:02,【VOICEROID車載】ちっこいバイクで、淡路島ダム巡りソロツーリング　さいうｐ,sm43162252
28645176,鈴木族,2021,False,2021-08-25 19:00:00,【CEVIO車載】HONDA乗りのSUZUKIさん【御前崎編】,sm39234576,2022-03-29 18:00:00,【CEVIO車載】HONDA乗りのSUZUKIさん【井川ダム編】,sm40242116
29178006,ロヒロ,2021,False,2021-07-23 18:00:00,ゆっくりと東北イタコの車載動画もどき2,sm39072547,2022-06-13 23:00:00,東北イタコのゆっくりロードバイク,sm40619652
29406953,マイマス,2021,False,2021-11-05 18:00:00,【CeVIO車載】さとうささらの旅の途中 Part.1,sm39582246,2023-12-10 12:00:00,【CeVIO車載】さとうささらの旅の途中 Part.2,sm43127504
29437768,あいはら　あき,2021,False,2021-05-05 00:33:02,【VOICEROID車載】天井桟敷で拝ませて! Part1｜大洗磯前神社【弦巻マキ車載】,sm38686984,2023-01-25 02:55:02,琉球王国に思いを馳せて | ボ車載,sm41698247
29727497,餅月玉兎,2021,True,2021-10-14 02:19:02,初投稿　ノウサギはさるきたい　その１　国見ケ丘,sm39475643,2026-03-30 23:04:04,手抜き,sm46114120
30347750,エンガワ,2021,False,2021-08-18 18:37:02,【GoPro Hero9 Black】 タイムラプス機能を使ってみた (WRX STI Driving),sm39201617,2021-08-18 18:37:02,【GoPro Hero9 Black】 タイムラプス機能を使ってみた (WRX STI Driving),sm39201617
31191135,テテリスク,2021,False,2021-05-18 11:27:02,あかりちゃんのいきあたびばったび～新潟編①～,sm38754090,2021-06-15 21:14:02,あかりちゃんのいきあたびばったび～新潟編⑤～,sm38890879
31200077,みつてる,2021,False,2021-07-10 00:19:02,【ミニ散歩】車載テスト,sm39007233,2022-08-22 23:07:02,UAZ 2206愛車紹介【琴葉葵】,sm40966601
31573233,ポッポ,2021,False,2021-12-05 17:30:00,【Cevio車載】IAとONEの早朝ツーリング,sm39714016,2021-12-05 17:30:00,【Cevio車載】IAとONEの早朝ツーリング,sm39714016
32755005,はてな君,2021,False,2021-08-16 19:37:02,【結月ゆかり車載】ド深夜で雨も降ってるけどバイクでガソスタRTAするぜ！,sm39192313,2021-10-16 16:34:02,やばいクレーマーのライダーYUKARI TV,sm39489425
32787393,SIMMER,2021,False,2021-04-11 10:00:00,【VOICEROID車載】旅はみずいろ 気仙沼大島編 Part1【琴葉茜・葵車載】,sm38563949,2024-02-18 18:00:00,【VOICEROID車載】旅はみずいろ 新相棒編【琴葉茜・葵車載】,sm43410022
32804847,ぽよぼよ,2021,False,2021-08-30 13:33:02,EDR-21G使ってみた！,sm39261293,2021-08-31 08:08:02,第一回山道ツーリング,sm39265622
32823802,青凪（yuxtukuri1）,2021,False,2021-09-05 21:00:00,【VOICEROID】大雨の中Ninja250でサマポケ聖地巡礼する男(直島編),sm39288861,2021-09-05 21:00:00,【VOICEROID】大雨の中Ninja250でサマポケ聖地巡礼する男(直島編),sm39288861
33588284,鳥麦康人,2021,False,2021-10-27 18:59:02,(修正版）つづみが鉄橋を見にドライブするだけの動画【CeVIO】,sm39540478,2023-10-23 20:24:03,【日帰り旅行祭2023】栗駒六日町の旧車イベントにまた行きました！【CeVIO旅行】,sm42930626
33660197,ドム蔵,2021,False,2021-05-13 21:30:00,【GSX-R750】サーキットでタイムアタック(みたいなことを)する動画.20210503,sm38722604,2022-07-06 20:00:00,[ゆっくり車載] ナナ旅 in 東北：岩木山 [GSX-R750],sm40722829
33682640,ねくす,2021,False,2021-08-24 19:15:02,【ゆっくり車載】ツーリングの記録 part.1 房総半島【KTM390DUKE】,sm39232894,2022-08-26 19:00:00,【ゆっくり車載】ツーリングの記録 part.19 霧降高原【KTM390DUKE】,sm40982284
34789393,ねこのとも,2021,False,2021-05-23 21:02:03,【VOICEROID車載】SEROW250で行く！ 東海ツーリング #1 飛騨高山 前編,sm38780886,2022-05-25 20:00:00,【VOICEROID車載】SEROW250で行く！レシピルート10『サンライズ』,sm40516836
35233972,ザク（250cc）,2021,False,2021-09-05 21:44:02,ザクツーリング＃0（犬吠埼灯台）,sm39293148,2021-09-26 11:11:03,ザクツーリング＃2（あぶくま洞＆浄土平）,sm39390655
35440971,こっそりちゃんねる,2021,False,2021-02-18 04:24:02,結月ゆかり車載：路線バス車載・車窓「函館バス41系統湯の川温泉入口-五稜郭」(2021年2月),sm38291422,2021-06-03 15:34:02,【結月ゆかり車載】登ったり下ったり　函館バス車載（車窓）82系統湯の川温泉付近→函館大学→香雪園→終点滝沢町（2021年3月）,sm38831547
35805355,洲埼ありゅ,2021,True,2021-11-08 13:30:00,【CeVIO車載】 ディバージョンとゆく！　【XJ６　Diversion】Part2,sm39595652,2026-08-10 23:30:00,【VOICEPEAK車載】擬人化バイクと共に走る道　19話,sm46651636
35897629,ニコライト,2021,False,2021-06-03 22:24:03,【VOICEROID車載】レガシィB4で旅をしたい！　1エンスト目,sm38833493,2021-10-17 16:43:02,【VOICEROID車載】レガシィB4で旅をしたい！　2エンスト目,sm39495223
35947073,いえろーず,2021,False,2021-01-28 01:04:03,ドライブあかり草,sm38185300,2021-01-28 01:04:03,ドライブあかり草,sm38185300
35988177,深月(みつき),2021,False,2021-02-14 17:19:02,【VOICEROID】鉄道乗車録 明知鉄道明知線1【恵那 ‐ 飯沼】,sm38274316,2023-07-16 12:28:03,【CeVIO旅行】リニア鉄道館とか行ってきた  【花隈千冬】,sm42490275
36338257,はど,2021,False,2021-01-13 12:45:02,北海道キャンツーを振り返るだけの動画,sm38113866,2021-02-09 22:04:02,北海道キャンツーを振り返るだけの動画　4日目,sm38249466
36475889,Phenol,2021,False,2021-09-22 22:00:00,【VOICEROID車載】 あおいの休日旅行記 Part 1 【奈良 長谷寺】,sm39373614,2022-01-14 18:00:00,【VOICEROID車載】 あおいの休日旅行記 Part 2 【紅葉】,sm39886534
36888044,しーなべ,2021,False,2021-06-27 20:43:02,【VOICEROID車載】琴葉姉妹とちょっと遠くへ！【南陽のバラまつり】,sm38949173,2025-07-29 22:25:04,【VOICEROID旅行】琴葉姉妹とちょっと遠くへ！【富山・石川旅行②】,sm45237352
37739663,ほくろ,2021,False,2021-11-07 18:12:03,【三浦マラソン】紅茶をキメた茜ちゃんのツーリング日記　part1,sm39592003,2022-04-17 11:23:02,【令和島】紅茶をキメた茜ちゃんのツーリング日記　part6【第二回10秒動画祭】,sm40329705
38503232,なまもの,2021,False,2021-09-01 00:21:02,【第七回ひじき祭】ベビーカーで行くBIWAKO,sm39269884,2021-12-17 19:00:00,[山ごはんアドベントカレンダー]明石焼きとお一人様用どんぶり,sm39765028
39455068,やっしい,2021,True,2021-04-13 21:03:04,【ひとくちボイロ車載】一般道って聞いたのに…,sm38576287,2026-07-28 01:42:32,【VOICEROID車載】おい、日帰りしろよ,sm46597886
39820409,黒鳥,2021,False,2021-10-29 00:00:00,【VOICEROID車載】あかりお姉さんの独り言03『キャリーミー試走+α』,sm39433081,2021-10-29 00:00:00,【VOICEROID車載】あかりお姉さんの独り言03『キャリーミー試走+α』,sm39433081
39970823,すずらん,2021,False,2021-02-07 23:01:02,ふらっと諸国をメグル旅 Part.1 淡路島-前編【VOICEROID車載】,sm38235184,2022-10-10 23:46:03,【日帰り旅行祭】ふらっと諸国をメグル旅 Part.3 出石 【VOICEROID車載】,sm41212357
40460013,木工ボンドE2,2021,False,2021-01-02 22:20:02,【ボイロ自転車】Challenge559 大阪～東京の旅Part0,sm38063079,2022-12-12 03:34:02,【ボイロ自転車】Challenge559 大阪～東京の旅Part3-3 甲府盆地横断,sm41494727
41035256,たいたぬ,2021,False,2021-11-03 07:37:00,夜のどらいぶ,sm39571438,2022-05-10 16:50:03,箱根をドライブ！十国峠と大涌谷,sm40447520
42282818,TateTaka.hex,2021,False,2021-05-07 23:40:00,【東北きりたん車載】きりたんとドライブ略してきりドライブ ~PHASE-1　茶臼山と佐久間ダム~,sm38697960,2023-08-15 04:13:02,【東北きりたん】きりたんとドライブ略してきりドライブ～PHASE5.5 ODDR2023～【VOICEROID車載】,sm42623701
42540723,Suma,2021,False,2021-12-03 23:37:02,【がばキャン△】自転車キャンプの裏技 前編,sm39706676,2021-12-05 18:57:02,【がばキャン△】自転車キャンプの裏技 後編,sm39715007
42658580,だし巻きかたつむり,2021,False,2021-10-13 19:00:00,【VOICEROID車載】お上りさん茜、初めての首都高【初投稿】,sm39472664,2023-11-10 19:10:00,【VOICEROID車載】Yokohama 45s Night Touring ep.5【みなとみらい(K1)】,sm42965170
43381751,フェスタ,2021,True,2021-03-19 23:18:03,【VOICEROID車載】 ボイロ達とレヴォと行く気まま旅日記　Pt.1,sm38456939,2025-11-19 18:40:00,[CeVIO車載]青春旅行記(トラベラー) EX.1 湊音流の洗車,sm45639824
46545157,cargo,2021,False,2021-07-02 23:18:03,【CeVIO旅行】人見知りは静かに旅したい【東北Ⅰ_前編】,sm38972639,2024-09-30 19:12:03,【A.I.VOICE車載】日本本土四極RTA_123時間: 北海道【part6】,sm44163369
46617296,唯@気分屋,2021,False,2021-05-08 20:25:02,【VOICEROID車載】もっと遠くへ Part.1,sm38707441,2021-10-24 20:39:02,【VOICEROID車載】もっと遠くへ Part.3,sm39528102
47039508,Fuji,2021,True,2021-12-25 21:06:02,福島には朝にラーメンを食べるという文化があるらしい【VOICEROIDグルメ】,sm39804852,2026-05-01 20:00:00,六花「旅行中にカメラが壊れちゃいましたね... どうしますか？？」,sm46250185
47368775,ねも,2021,False,2021-08-07 00:50:02,【CeVIO車載】旅に出よう、今日は何処へ？　#1-1～磐梯吾妻スカイライン～,sm39140585,2023-05-01 21:47:03,『サッカー日本代表カタールW杯でグループステージ突破したら東京大阪ママチャリするわ』０日目 東京→平塚,sm42161429
47454088,怠惰な陸亀,2021,False,2021-08-20 16:53:02,【CeVIO車載】滝、滝、六花,sm39210769,2022-08-27 17:00:00,【納車動画】GB350納車報告,sm40986007
49088472,さめめがね,2021,False,2021-10-02 09:59:02,雪山運転ホワイトアウト,sm39419743,2021-10-02 09:59:02,雪山運転ホワイトアウト,sm39419743
49608074,兎犬,2021,True,2021-05-26 02:06:03,ルック車MTBでゆる～くダラダラサイクリング（ほぼ雑談）,sm38790918,2026-03-21 00:00:00,年初め！！新春ライド2026,sm46065448
50726430,中庸,2021,True,2021-12-09 20:50:02,【MS投稿祭】リターンドライバーはジムカーナを楽しみたい,sm39731563,2026-07-15 22:16:30,苦手でもジムカーナ！第8回ボイカーナ！,sm46552711
51968272,超地球人ユクリン,2021,False,2021-01-09 22:51:02,【ゆるキャン△聖地巡礼？】エリミネーター250LXでなでしこが怖がった夜の本栖みちを行く！！【VOICEROID】,sm38096418,2021-01-09 22:51:02,【ゆるキャン△聖地巡礼？】エリミネーター250LXでなでしこが怖がった夜の本栖みちを行く！！【VOICEROID】,sm38096418
52335722,ました,2021,False,2021-05-22 22:00:00,【ロードバイク】結月ゆかりと行く！四国真ん中旅行【大歩危峡・UFOライン】,sm38775543,2021-05-22 22:00:00,【ロードバイク】結月ゆかりと行く！四国真ん中旅行【大歩危峡・UFOライン】,sm38775543
52959748,ぜらちん,2021,False,2021-12-05 15:29:02,【VOICEROID車載】VTR250琴葉姉妹ツーリング-ポンポンペイン通院編-,sm39713993,2024-04-19 14:21:04,【VOICEROID車載】琴葉SafetyRiding #4【GB350】,sm43678165
54571089,ティガ・ラ・モゲラ,2021,False,2021-08-21 22:04:02,【ロードバイク車載】　オリンピックコース2021,sm39218377,2021-08-21 22:04:02,【ロードバイク車載】　オリンピックコース2021,sm39218377
55943064,カルビ放送局,2021,False,2021-10-19 12:00:00,【ボイロ車載】ふらり旅『秋田県　後生掛温泉に行って参る①』　1話,sm39485413,2024-10-08 12:08:03,パリスタ飯店に行って参る！ふらり旅４2話,sm44190974
55973103,Rin.,2021,True,2021-04-17 20:53:03,風花雪月疾走録(仮称) 2021-03-20,sm38594918,2026-04-04 18:00:00,疾走録　秋の終わりに長者原,sm46130598
56102385,しゅりくま,2021,True,2021-04-23 16:40:00,諸々のテスト動画,sm38619048,2026-05-30 18:00:00,休日日記#44　土師ダムお花見ドライブ,sm46372669
57751665,シゲレイル,2021,False,2021-06-26 21:30:00,【VOICEROID車載】県道ツーリング 主要地方道飯田富山佐久間線編　その1,sm38939007,2022-09-08 22:48:02,【VOICEROID車載】24時間ドライブに出かけた話①,sm41051050
59665199,そると,2021,True,2021-08-21 00:00:00,【第七回ひじき祭】りっかとマキのプチ旅行part4「山陰地方にいってきました！」,sm39165284,2026-07-18 18:24:58,りっかのプチ旅行「恋する駅と倉敷さんぽ！」【小春六花】,sm46562883
60142312,ぽてと,2021,False,2021-11-03 18:31:05,東海道横断2泊3日自転車の旅Day0･準備編,sm39573787,2022-11-20 09:00:00,BRM917千葉600km｢G｣_RTA(リアルツーリングアタック)_後編,sm41394344
60498731,兎男,2021,True,2021-12-31 12:51:01,兎男のツーリング日記_01【オリキャラ車載】,sm39832430,2026-07-27 18:00:00,【XSR155】兎男のツーリング日記_17【納車】,sm46594455
62053102,鉄ゴリラ,2021,False,2021-07-24 20:36:02,車載ロイド,sm39078739,2024-05-12 23:45:04,車載ロイドX3・5　GW不発編,sm43782552
62451022,べるふぇると,2021,True,2021-11-06 17:43:03,【CeVIO自転車車載】クロスバイクで行く東京みち～#1東八道路～,sm39587089,2025-09-09 00:00:08,【夏色花梨誕生祭2025】仮んさんと行く群馬旅行,sm45385024
62761706,ベネトナシュ@けん玉踊り手,2021,True,2021-10-02 19:00:00,【東北きりたん車載】けん玉とカブ　#1  納車と初ツーリング,sm39418934,2025-11-25 20:00:00,誕生日なので三不粘を食べに行きます！！！【琴詠ニア誕生祭2025】,sm45664180
65774437,ま～ちん,2021,False,2021-03-27 00:38:02,【紲星あかり車載】あかりは愛知を走りたい！#1三ヶ根山スカイライン,sm38490143,2022-06-16 23:45:03,【CeVIO車載】フィーちゃんの にっぽんメロンパン探訪記！ #1那須高原SA下り【メロンパン】,sm40633228
66198473,白（黒色）無,2021,False,2021-10-05 20:03:02,愛媛gdgdツーリング　#0　※テスト動画,sm39436718,2021-12-31 23:30:00,愛媛gdgdツーリング#2　~出張編~,sm39836965
73665896,はらさんは茜さんと料理する,2021,False,2021-04-17 18:17:23,【VOICEROID劇場ショート】茜さんピザって10回言ってみ？【琴葉茜さん＋生声】,sm38594087,2021-04-17 18:17:23,【VOICEROID劇場ショート】茜さんピザって10回言ってみ？【琴葉茜さん＋生声】,sm38594087
76317237,とおる●ksnktor,2021,True,2021-01-31 21:57:03,クルマでぶらり旅 part.1 ～本栖湖、白糸の滝～,sm38205194,2026-05-11 21:00:00,クルマでぶらり旅　～Part.16～六甲山系ぶらり旅【兵庫県】,sm46298012
78390739,わふぃーかいり,2021,False,2021-03-25 01:01:03,223と行こうぜ！ツーリング日記#１　,sm38482023,2021-03-25 01:01:03,223と行こうぜ！ツーリング日記#１　,sm38482023
79795088,やねうら,2021,False,2021-10-16 19:50:00,【CeVIO車載】 いあドラ！ in 箱根ターンパイク,sm39490495,2022-08-06 20:00:00,【CeVIO車載】いあドラ！首都高～アクアライン編,sm40879750
79902063,リン,2021,False,2021-10-11 06:00:00,【VOICEROID車載】そらちか #1 伊豆一周【VITPILEN401】,sm39461345,2024-04-18 12:00:00,花隈見聞録 | 桜を見に行きました,sm43672995
84757291,D.M,2021,False,2021-04-05 05:55:00,【新番組】決戦兵器インプ。第1回 その1【四輪車載・ゆっくり】,sm38536802,2022-07-11 23:32:02,決戦兵器インプ。第1回 その4【四輪車載・ゆっくり】,sm40755494
87417369,ばるんが,2021,True,2021-05-21 19:28:02,ゲッタードラゴンの坂道探訪(1)「横浜市中区/磯子区/港北区」,sm38769155,2025-12-29 19:50:04,横浜市の市区役所巡りを100%楽しみたい,sm45780043
88182838,たたみす,2021,False,2021-09-24 21:44:03,【投稿予告兼】ニコニコ自転車動画祭2021秋のCM【ロードバイク】,sm39383450,2023-08-15 20:00:00,【ヒルクライムRTA】第一回いばらきKOM in 八溝山 &quot;これが一番早いと思います&quot;,sm42625958
88234091,REC,2021,False,2021-06-24 20:59:03,【VOICEROID車載】きりゆか探訪記 Part.01 日光編,sm38933337,2023-01-06 20:00:00,【VOICEROID車載】きりゆか探訪記　Part.03　鬼怒川4ダム後編,sm41612871
89340736,りょの字,2021,False,2021-11-14 21:00:00,【告知】レシピルート10【VOICEROID車載・キッチン】,sm39622563,2022-03-12 20:00:00,【告知】レシピルート10-ダークネス-【VOICEROID車載・キッチン企画】,sm40164838
90217780,赤いねこ,2021,False,2021-04-08 03:43:02,【ゆっくり車載】XT250（3Y5）テスト撮影　愛車紹介,sm38550570,2021-05-27 02:25:02,【ゆっくり車載】XT250で行く！天橋立ツーリング,sm38796420
91239656,るふす,2021,False,2021-02-18 08:00:00,Ninjaとあかりの初ツーリング!! in山口【VOICEROID車載】,sm38291646,2023-07-04 12:00:00,【シンプル車載動画投稿祭】Ninjaとあかりと強そうなお花見【VOICEROID車載】,sm42438785
93135839,めんつゆ,2021,False,2021-07-12 20:00:00,【今がその時！】雪解け水の水没林を見に行く【音街ウナ＆小春六花車載】,sm39020886,2025-03-29 17:00:00,【音街ウナ車載】山形県朝日町りんごツーリング【今がその時】,sm44819804
94350805,肉を食す邪神の会,2021,True,2021-04-04 09:00:00,【VOICEROID車載】紲星あかりのひとっ走り付き合えよ！ #01,sm38532037,2026-07-11 18:05:00,北海道だ‼さて…トド岩送りにされてきます【シンプル車載動画投稿祭2026+紲星あかり車載】,sm46537151
94407445,安全志向,2021,False,2021-09-09 06:30:00,01.葵ちゃんとCB400SB(犬鳴東川手線),sm39307369,2022-02-04 17:00:00,03.葵ちゃんとCB400SBと背後霊(京都府道364号線他),sm39988596
94412021,ますみ,2021,False,2021-05-22 20:59:02,派手好きゆかりのバイク旅　カメラテスト編,sm38775234,2024-02-01 20:00:00,【コスパロイド15000】派手好きゆかりのバイク旅 リゾートホテルに行こう編,sm43340329
95523511,タックマン,2021,False,2021-12-18 00:29:02,【MS投稿祭】初めてスポーツ走行してきたから動画にしてみた【VOICEROID車載】,sm39768175,2024-10-21 00:41:04,【VOICEROID車載】休日のPleiades#2【日帰り旅行祭2024遅刻組】,sm44236992
95854696,ありつか,2021,False,2021-01-28 16:06:02,【おっさん×AI旅】HUD　旅の記録１「AIナビを起動しよう」　高性能車載型AIナビ　モトコント,sm38186958,2024-03-06 20:42:02,安珍清姫伝説をめぐる旅　第一話【AIナビとバイク旅】S4-EP05 和歌山県　御坊市　道成寺 【近未来の旅動画】,sm43490817
96232732,福ダヌキ,2021,False,2021-05-03 23:01:03,【VOICEROID車載】ウナの地元、知りたくない？ カメラテスト篇,sm38680729,2021-05-03 23:01:03,【VOICEROID車載】ウナの地元、知りたくない？ カメラテスト篇,sm38680729
96259382,加農砲（カノン）,2021,False,2021-05-21 19:00:00,【自転車車載】琴葉茜の平均時速20キロ以下ライド!! in 多摩川【VOICEROID車載】,sm38769162,2021-05-21 19:00:00,【自転車車載】琴葉茜の平均時速20キロ以下ライド!! in 多摩川【VOICEROID車載】,sm38769162
96772879,Lumb/ラム,2021,False,2021-12-11 11:42:02,【ボイロ車載】雨のサーキット走行inYZ【MS投稿祭】,sm39738141,2023-04-24 16:39:02,【VoiceRoid車載】楽しく走るpart2【鈴鹿国際】,sm42127051
97486196,マイネームイズ,2021,False,2021-04-03 18:55:19,【聖地巡礼】志摩リンRTA 7時間28分 前編（ゆるキャン△SEASON2 2話Aパート 御前崎～磐田）,sm38529585,2021-04-03 18:55:19,【聖地巡礼】志摩リンRTA 7時間28分 前編（ゆるキャン△SEASON2 2話Aパート 御前崎～磐田）,sm38529585
97917265,CB FANK,2021,False,2021-05-08 01:08:02,【VOICEROID車載】ツーリング 事始め　~ミッション・イン・安曇野~,sm38703344,2023-11-03 20:00:00,【VOICEROID車載】被害妄想メン！紅葉なきビーナスラインで優雅なひと時を…【CB1300SF】【Shadow Phantom】☆2023年ツーリング☆,sm42969185
98603419,脱白ｰDappakuｰ,2021,False,2021-06-06 22:53:03,【ボイチェビ車載】タカゆか式!!三保の松原に行ってきたよ。,sm38849488,2021-06-06 22:53:03,【ボイチェビ車載】タカゆか式!!三保の松原に行ってきたよ。,sm38849488
115651727,イナズマン【モトブログ】,2021,False,2021-04-08 09:35:02,【次回予告】新型出撃,sm38550921,2021-04-08 09:35:02,【次回予告】新型出撃,sm38550921
115716233,たまえい,2021,False,2021-09-27 20:47:03,【VOICEROID車載】フラッと行ってくる - 1【奈良・若草山編】,sm39399094,2022-08-03 18:12:02,【VOICEROID車載】フラッと行ってくる - 4【岡山編】,sm40866653
115774023,小樽のナマハゲ,2021,False,2021-10-23 00:24:02,【VOICEROID車載】【2021北海道 #nico_01】motoブロ 歳時記 (GSX-R1000 K1) 【7.17-18 道北ソロキャンツー 編】,sm39518600,2022-01-30 10:38:03,【VOICEROID車載】【2022北海道 #nico 番外編_01】motoブロ 歳時記 (GSX-R1000 K1) 【1.10 スノークルーズオーンズ 編】,sm39966499
116330134,染宮ねいろ,2021,False,2021-08-15 12:00:00,【第七回ひじき祭】【CeVIO旅行･車載】六花ささらの四国４大空港めぐり旅【小春六花･さとうささら】,sm39184373,2021-08-15 12:00:00,【第七回ひじき祭】【CeVIO旅行･車載】六花ささらの四国４大空港めぐり旅【小春六花･さとうささら】,sm39184373
116374275,竹輪乃　すり身,2021,False,2021-01-18 00:26:03,ゆるぽたテストライド,sm38137080,2024-04-07 10:11:02,ゆるぽたテストライド＃028～天狗公園ヒルクライムコースなど～再ｴﾝｺ6,sm43630146
116393574,SKAY,2021,False,2021-04-04 23:03:02,【ボイロ車載】セイカのゆるゆるバイク旅～春の種松山編～,sm38536532,2021-06-15 23:42:04,【ボイロ車載】セイカのゆるゆるバイク旅Ⅲ～さよなら FORZA Si編～,sm38891599
117050548,ルービ,2021,False,2021-11-07 23:37:02,おきなわ ゆるチャリ散歩～軽石あるかな？～【VOICEVOX車載】,sm39594142,2021-11-07 23:37:02,おきなわ ゆるチャリ散歩～軽石あるかな？～【VOICEVOX車載】,sm39594142
117112603,むぎのすけ,2021,True,2021-03-01 23:45:03,ひとの車で北東北を巡る車載 Part.0,sm38353797,2026-07-18 00:02:56,【ゆっくり車載】有象無象の東北車載録 Part.16 福島・三春【VOICEROID車載】,sm46560227
117140307,白蓋,2021,False,2021-01-01 23:20:02,【自転車車載】ゆっくりご近所ポタリング日記 尾根緑道編,sm38058671,2022-10-08 22:14:04,第三回ポタリング競技会,sm41199688
117168809,終末委員会,2021,True,2021-01-02 14:05:03,【ツーリング01J】開通したばかりの外環から湾岸（ﾎﾝﾄﾊ東関東道）ツーリング【VOICEROID車載】（間違いだらけ）（初心表明動画）,sm38060563,2026-05-17 17:45:04,【ツーリングWJ16】GW終わったから牛筋煮込み食べに行くよツーリング,sm46321790
117397538,Sugarlessシュガーレス,2021,False,2021-01-23 17:14:02,【宇高航路大研究】♯1 国鉄伝統の宇高航路が休止1年！栄光と衰退の歴史と代替航路の現状は…？【ボイスロイド解説】,sm38162529,2021-03-12 17:45:02,【二階建てバスの最前列】グラン昼特急号で日中の東海道を攻略！JRバスの新兵器、InterCityDDの旅！/// バスタ新宿→大阪駅JR高速バスターミナル【VOICEROID車載動画】,sm38408221
117504496,ワダイ,2021,False,2021-10-12 11:00:02,バイクPCX１２５でゆっくりと日本一周旅行【ダイジェスト風味】,sm39466769,2021-10-12 11:00:02,バイクPCX１２５でゆっくりと日本一周旅行【ダイジェスト風味】,sm39466769
117631396,芒原,2021,False,2021-02-04 23:30:04,[Voiceroid車載]自分のことを東北きりたんと思っている精神異常者の自分語り#1,sm38224355,2021-02-05 21:51:02,[Voiceroid車載]自分のことを東北きりたんと思っている精神異常者の自分語り#1,sm38228459
117787927,おばあちゃん,2021,False,2021-09-25 18:01:02,【CeVIO】河内大塚山古墳を一周するすずきつづみ【自転車車載】,sm39387057,2024-08-24 21:15:03,自転車散歩　百舌鳥八幡宮　シンプル車載動画投稿祭,sm44017128
117798339,ずしま,2021,False,2021-02-20 00:15:02,【VOICEROID 車載】葵ちゃんの京都観光～上津屋橋～,sm38300449,2022-05-13 19:54:02,【VOICEROID車載】秘境！！葵ちゃんと茜ちゃんの静岡ツーリングPart1　,sm40460574
118002598,888,2021,False,2021-02-21 17:09:04,そこを曲がったその先に part0,sm38309434,2021-02-21 17:09:04,そこを曲がったその先に part0,sm38309434
118228791,浅漬け@輪pro Channel,2021,False,2021-03-13 02:00:03,【車載動画】結月ゆかりのゆか輪Project　中国地方編Episode 01 角島〜元の隅神社　 1/2　【結月ゆかり＆琴葉葵解説】,sm38410822,2023-01-04 20:13:02,総集編　結月ゆかりのゆか輪Project　Second Season 特別編　1週間本州耐久ドライブ【結月ゆかり解説】【車載動画】,sm41606300
118373498,ゼリィ,2021,False,2021-03-16 23:36:03,【バイク】第１回(前編)　浦山ダムまで行ってみた【車載動画】,sm38442428,2025-03-25 22:57:03,【ついなちゃん車載】抱きしめて！高志の国の果てまで！ 番外編19・コメント返し【Ninja400】,sm44808093
118411594,らむね,2021,False,2021-07-02 21:40:02,【北条鉄道】田んぼの中を走る、単線非電化ローカル線 鉄道旅。 【ゆくてつ#8】,sm38972147,2021-08-03 18:06:02,【叡山電鉄】&quot;えいでん”ってどんな路線？！ 京都・比叡山の足元を往く叡山本線 鉄道たび。 【鉄道旅ゆっくり実況】【ゆくてつ#10】,sm39125227
118474781,又三郎の車載動画,2021,True,2021-05-01 16:41:02,MTBルック車で京見峠ヒルクライム,sm38667276,2026-08-12 19:40:07,【高級軽自動車！？】N-ONE RS試乗記（MT),sm46658662
118641340,瑞梅寺穣司,2021,True,2021-04-02 20:26:02,ゆかりとあかりのダムに行きましょう ver.1.0【寺内ダム】,sm38525146,2026-07-31 22:17:50,到達困難ダム&quot;奥新冠ダム&quot;に行ってきました！【#ニコニコダム祭り】,sm46610897
118677887,ラミ・ユエ,2021,False,2021-12-18 20:59:02,【CeVIO車載】旅のユエs01e00_旅立ち,sm39771705,2025-04-02 12:00:00,【CeVIO車載】 旅のユエ s01e13 さようなら九州,sm44829914
118965414,りもた,2021,False,2021-04-26 08:14:02,北海道ドライブ-三段滝,sm38639676,2022-01-23 17:01:03,【VOICEROID旅行】冬の美瑛観光なのだ！,sm39936107
118997199,楽座勇斗,2021,False,2021-10-28 13:09:03,【茜の小旅行記録】＃１　「三次」,sm39543606,2025-02-12 11:00:00,【茜の小旅行記録】＃３　「大崎下島」,sm44640433
119024900,うみ,2021,True,2021-12-15 22:23:03,道路標識旅行 #0 ｜ バイクが納車されたので月に行きます,sm39759602,2025-10-13 10:00:00,道路標識旅行 #2-D ｜ ゆるキャン△スタンプラリー in 伊豆　後編,sm45505842
119089521,HIROFUJI,2021,True,2021-08-22 03:07:02,〜エクシーガと心躍る日本一周へ！！No.1〜静岡編①,sm39219370,2026-05-07 22:00:00,〜シン日本一周 石垣島編 1 〜,sm46280982
119236149,≧≧1,2021,False,2021-08-21 22:30:00,ロードバイクでゆるポタ 第８話【身延～本栖みち】,sm39213969,2024-12-29 20:00:00,ロードdeトライアル その10【ブルベ200km BRM907神奈川200箱根】,sm44472745
119252673,とむやんのメモ,2021,False,2021-05-17 23:22:02,【BOLT】＃1とむやん。のモトブログ ～長崎空港→ガラスの砂浜→琴平～,sm38752391,2021-12-05 23:02:02,【BOLT】＃4-2とむやん。のモトブログ～島原半島⇒別所ダム→西望公園～,sm39716332
119256369,帝文企画（帝都物流）,2021,False,2021-05-23 11:00:00,【ボイロ車載】第一回 京町セイカの交通安全講座 煽り運転は事故のもと！車間距離を意識してみよう！,sm38777970,2021-12-24 07:00:00,【ボイロ車載】京町セイカの運送日報 二日目「軽貨物ドライバーってどうやって仕事探すの？」,sm39794306
119376297,MAKOTO(RWKA),2021,False,2021-08-14 20:06:02,【VOICEROID車載】自己紹介！【CBR250R】,sm39181191,2024-11-06 16:54:03,これからバイクを購入するあなたへ。,sm44294030
119646647,あいす,2021,False,2021-06-17 21:00:02,【VOICEROID車載】Rebel250 と琴葉姉妹で日本一周　Part0【決意表明】,sm38899227,2023-01-05 13:30:03,【VOICEROID車載】琴葉茜の北海道ツーリング！【約10日間ダイジェスト】,sm41609081
119968547,フジタカ,2021,False,2021-08-06 22:26:02,ちゃりたび！Vol.1,sm39139785,2021-08-06 22:26:02,ちゃりたび！Vol.1,sm39139785
120009462,東北切子,2021,False,2021-09-01 12:51:02,【きりたんの秋田県紹介】#6「神秘の湖 田沢湖」【VOICEROID解説】,sm39271350,2022-09-25 19:47:02,【きりたんと生存報告】#2「くらげ」【VOICEROID旅行】,sm41132863
120373357,玉藻天狐丸,2021,False,2021-08-08 17:55:02,ペダルで地球を回せ！～紲星あかりと自転車で遊びましょ～【第一回】いばライド～その１ 北浦お花見編～,sm39148565,2021-08-08 20:12:03,ペダルで地球を回せ！～紲星あかりと自転車で遊びましょ～【第三回】いばライド～その３ 広浦公園キャンプツーリング編～（茨城県茨城町),sm39149311
120375617,無職車載ワニ,2021,False,2021-08-08 17:18:02,【GSX 150Bandit】無職ニートがバイク買ったので埼玉県こども動物公園にツーリング行く【ゆっくり車載】,sm39148536,2023-06-25 17:31:02,【CeVIO車載】職無し、金無し、彼女無し、でもバイクはある。ビーナスライン松本城 長野ツーリング旅 後編 #4.5 【CBR250RR】,sm42400105
120440284,むーどん,2021,False,2021-09-20 03:10:02,【桜乃そら車載】ロードバイク試走　毛馬〜枚方　＃１,sm39360679,2021-10-04 15:03:02,【桜乃そら車載】鶴見緑地公園ポタリング　＃２,sm39431320
120589279,さらとこ,2021,True,2021-08-21 13:59:02,ARIA旅 第1回 北海道・えりも岬へ,sm39215738,2026-07-17 18:00:00,雪さんの3分で分かる謎0キロポスト【シンプル車載動画投稿祭2026】,sm46553692
120634658,つぉ,2021,False,2021-12-13 00:56:02,【MS投稿祭】琴葉姉妹の車遊び～どろんこ編～【VOICEROID車載】,sm39747720,2024-12-22 14:28:03,【モータースポーツ投稿祭2024】茜、ラリーに出ます。SS3！【VOICEROID車載】,sm44451002
120747457,はこです,2021,False,2021-08-31 13:01:03,【VOICEROID旅行】東北きりたんのきりさんぽ　吹割の滝【Vol.1】,sm39266325,2022-05-05 06:00:00,【VOICEROID旅行】東北きりたんのきりさんぽ　宮城＆山形旅行①【Vol.7】,sm40420756
121166459,ひつじ雲の大使,2021,False,2021-10-12 19:12:02,おさんぽサイクリング　シーズン1　1話　調布,sm39468294,2022-10-02 11:22:03,おさんぽサイクリング　シーズン2　1話　大和川～道明寺天満宮お花見,sm41163120
121248454,旅鴉カナエ,2021,False,2021-10-05 19:27:02,VOICEROID車載　土倉鉱山ツーリング　CBR400RR,sm39436512,2022-01-23 20:51:04,【VOICEROID車載】福知山線廃線【CBR400RR】,sm39937550
121409624,coronn3,2021,False,2021-11-04 21:15:02,街乗りクロスでPart1 ～北潟湖一周 温泉ポタリング～,sm39578919,2023-07-23 15:00:00,【遅刻組】街乗りクロスでPart12.5 クソデカ「カナザワ」モニュメント,sm42520391
121415352,はくまい,2021,False,2021-10-18 20:21:02,旅のカタチを見つけに行こう！：0走目【ソフトウェアトーク車載】,sm39501177,2022-07-10 21:40:02,旅のカタチを見つけに行こう！：原付車載祭【ソフトウェアトーク車載】,sm40750554
121575700,ラプラス,2021,True,2021-11-05 20:06:00,ひとりキャンプ紀行＃1「雨の加悦キャンプ場と炊き込みご飯」【Cevio車載】【加悦双峰公園】,sm39583029,2026-08-07 20:00:00,VVWV＃15「Gemini！手軽な山ご飯のレシピ教えて！」【ニコニコ登山祭：山ごはん】【Vstrom250sx】,sm46619700
121582602,ゆづ,2021,False,2021-11-08 15:06:02,【VOICEROID車載】琴葉姉妹と登る紅葉の八甲田ヒルクライム【ロードバイク】,sm39596120,2022-05-17 22:33:02,【VOICEROID車載】琴葉姉妹と行く春の八甲田ヒルクライム　雪の回廊を見に行こう　その２【ロードバイク】,sm40481704
121623592,偽術屋,2021,False,2021-11-25 21:21:02,【CeVIO車載】～磐梯吾妻スカイライン・五色沼(魔女の瞳)～&quot;紅葉&quot;見にい&quot;こうよう&quot;！,sm39670803,2023-10-22 16:02:03,【ニコニコ自転車動画祭2023秋】～秩父GF(旧)～【ついなちゃん】,sm42925198
122147667,IIIkの飛行日誌,2021,False,2021-12-17 09:45:02,【VOICELOID機載】Flight Log No.1【東北きりたん】,sm39764952,2022-02-19 22:24:02,【VOICELOID機載】Flight Log No.4【東北きりたん】,sm40066522
122286025,カリンSR400,2021,False,2021-12-27 17:13:02,税理士試験に落ちたり色々あったのでクリスマスに夜の大阪を走ります【SR400/モトブログ/ゆっくり/VOICEROID/車載動画】,sm39813686,2022-04-15 01:30:02,【エヴァ風予告】六甲山は走りやすいッピ‼【VOICEROID車載】,sm40318547
16958,edodes,2023,False,2023-07-15 22:30:00,【クソデカ地名モニュメント投稿祭】ただのランチ？【CeVIO_AI】,sm42488111,2023-07-15 22:30:00,【クソデカ地名モニュメント投稿祭】ただのランチ？【CeVIO_AI】,sm42488111
28249,加藤かな,2023,False,2023-03-24 19:00:00,あかりちゃんとCX-30 その1：初めてのマイカー,sm41977838,2023-03-24 19:00:00,あかりちゃんとCX-30 その1：初めてのマイカー,sm41977838
42911,アーテル,2023,False,2023-07-27 21:00:00,【CeVIO車載】初めての納車と給油までの初運転【CBR250RR】,sm42537274,2023-07-27 21:00:00,【CeVIO車載】初めての納車と給油までの初運転【CBR250RR】,sm42537274
65351,きくたん,2023,False,2023-02-12 16:32:02,【LMROID朝月車載】北海道札幌市　「パープルロード」　【第二回地元紹介祭】,sm41785978,2023-12-10 19:00:00,【LMROID朝月】オロロンラインを小樽まで走ってきたぜ！【車載動画】,sm43130307
75810,nekodaisuki,2023,False,2023-12-24 22:14:02,バイク用リアバッグ_GiviXL08を雑に紹介,sm43187306,2023-12-24 22:14:02,バイク用リアバッグ_GiviXL08を雑に紹介,sm43187306
93240,おひや,2023,False,2023-11-23 00:00:00,【あかりのとっとこツアー】うどん県で階段登山！？【パークアンドライド旅行祭企画】,sm43055934,2023-11-23 00:00:00,【あかりのとっとこツアー】うどん県で階段登山！？【パークアンドライド旅行祭企画】,sm43055934
142344,あらせ,2023,False,2023-12-17 22:37:02,2万円のバイクだってサーキットを走りたい,sm43159364,2025-07-15 19:00:00,【第一回カキョウヨサリ公式投稿祭】借り物バイクでサーキット,sm45188286
168374,クーデルト,2023,True,2023-12-04 10:17:02,バイクで撮影に行きたい＃1 CB650F,sm43104241,2026-07-08 03:32:16,シンプル車載動画　　ちょっとサーキット行ってくるレインボースポーツNinja250SL,sm46525374
307042,えんどたん＠遠藤まりな教団,2023,False,2023-01-10 01:11:02,【part3】アドレスV125にデスクトップPCを搭載！起動＆走行編【車載PC】[101],sm41630978,2023-01-10 01:11:02,【part3】アドレスV125にデスクトップPCを搭載！起動＆走行編【車載PC】[101],sm41630978
314216,kawase,2023,False,2023-07-07 18:00:00,琴葉姉妹と北海道キャンプ#2 -初夏の森キャンプ！「朝里の森キャンプ場」-,sm42450155,2023-07-07 18:00:00,琴葉姉妹と北海道キャンプ#2 -初夏の森キャンプ！「朝里の森キャンプ場」-,sm42450155
322237,どね,2023,True,2023-03-17 19:52:02,【自転車車載】ペダルと脚で #5 - 青森自転車旅その2 新青森・龍飛崎,sm41942796,2026-08-05 00:00:00,ペダルと脚で #32 - 秋葉山登山RTA【ニコニコ登山祭2026】,sm46624151
336767,Rafu-hocchi,2023,False,2023-07-04 21:00:00,いたこのさんぽ【シンプル車載動画投稿祭】,sm42440564,2023-08-24 17:55:00,いたこのさんぽ#3【南箱根】,sm42665012
347702,俺は悪くねぇ,2023,False,2023-07-11 16:49:02,【シンプル車載動画投稿祭】やる夫のちょっぴりツーリング【CoeFont動画】,sm42470489,2023-07-11 16:49:02,【シンプル車載動画投稿祭】やる夫のちょっぴりツーリング【CoeFont動画】,sm42470489
373335,だき工房,2023,False,2023-05-12 18:41:02,【土佐市崖っぷちカフェ】南風(まぜ)行ってきました！！,sm42211117,2023-05-12 18:41:02,【土佐市崖っぷちカフェ】南風(まぜ)行ってきました！！,sm42211117
383044,湊(みなと),2023,True,2023-05-14 21:27:02,【京町セイカ車載】セイカさんと一緒にバイクで出掛けたい 納車編【2023初投稿動画祭】,sm42221754,2026-07-20 19:00:00,【シンプル車載動画投稿祭】富士山と玉子サンド【セイカフェス2026】,sm46564257
400526,miitin,2023,True,2023-12-12 12:00:00,あおあかと行く　～岡山一番街地下駐車場～,sm43136628,2026-07-12 20:00:00,あおあかと行く！　～ＦＬ５で能登半島！編～,sm46542072
409930,市松【ペケペケ農園】,2023,True,2023-07-13 00:11:02,2023年7月12日　農作業日誌P688　ミニクーパーに乗って伊豆へと走りに行っただけだった・・・,sm42476105,2026-06-25 00:13:41,2026年6月24日　日記1766　芝川沿いの用水路の近くを走り続けるよ,sm46474258
416293,ArmoredVt粗製おじさん,2023,False,2023-01-16 23:00:00,迫真レ帝部　デトロイト中心部の裏技.mp3,sm41658873,2023-01-16 23:00:00,迫真レ帝部　デトロイト中心部の裏技.mp3,sm41658873
419993,げんつば,2023,True,2023-07-17 21:51:02,【シンプル車載動画投稿祭】宮ケ瀬湖へいってこよう！【4輪車載】,sm42497519,2026-07-25 16:57:26,ゴムで膨らむダムを見に、オフロードを通って【ニコニコダム祭り】,sm46588472
440220,だわ(終わった人),2023,True,2023-07-22 19:09:02,きりたんのご近所ツーリング　＃１,sm42516899,2026-08-13 13:11:46,てきとう一人語り　＃４８１,sm46661970
461191,ひつじなべ,2023,False,2023-01-31 23:51:03,【VOICEROID劇場】病弱マスターと世話好き琴葉姉妹の学術祈願と初詣　～亀岡文殊へ行こう～【VOICEROID車載】,sm41730365,2025-07-13 18:00:00,【シンプル車載動画投稿祭2025】琴葉姉妹と想い出巡り　山形県南陽市「南陽の菊まつり」【山形県】,sm45182898
470999,ゆっくりゼルビス,2023,True,2023-07-26 20:28:02,ゆっくりゼルビス京都ツーリング　その3,sm42533381,2026-02-14 09:23:04,物干しフェザ夫のお伊勢神頼みツーリングその4,sm45944403
482467,masa＠,2023,True,2023-07-17 17:00:00,【シンプル車載動画投稿祭】自転車で行こう、筑波山【弦巻マキ】,sm42492709,2025-11-19 18:00:00,【自転車登山】大菩薩嶺、晩秋のヒルクライム＆稜線歩き【弦巻マキ】,sm45639118
571062,しゅんがい,2023,False,2023-02-13 15:36:02,【voiceroid車載】結月うさぎで行ってきた,sm41790848,2024-04-07 13:26:02,【城郭登城祭】結月うさぎで行ってきたPart.13～白石巡りに行った話～前編【voiceroid車載】,sm43630751
613297,みもふ@C108(土)ヤ41ab,2023,False,2023-02-17 20:32:02,1人でシコシコドリフト！！ぼっちだもんレーシング！！【ずんだもん車載】,sm41809957,2023-02-17 20:32:02,1人でシコシコドリフト！！ぼっちだもんレーシング！！【ずんだもん車載】,sm41809957
669470,ルーキーさん,2023,False,2023-07-13 19:55:00,ツール・ド・大山RTA_6時間くらい【シンプル車載動画投稿祭】,sm42474870,2023-07-13 19:55:00,ツール・ド・大山RTA_6時間くらい【シンプル車載動画投稿祭】,sm42474870
737512,君鹿山隣,2023,False,2023-03-26 03:42:02,【GSX-S1000S】KATANAとツーリング！ 第1回 「何事も始めてみることから」,sm41989579,2023-03-26 03:42:02,【GSX-S1000S】KATANAとツーリング！ 第1回 「何事も始めてみることから」,sm41989579
751817,まめちち,2023,True,2023-10-13 21:00:00,【日帰り旅行祭2023】蔵王エコーラインと周辺でお土産収集【東北姉妹と温泉むすめ】,sm42877409,2026-06-14 20:00:00,【栃木旅行祭】那須高原で昭和レトロ旅！【温泉むすめ】,sm46434629
767171,bigbros,2023,False,2023-12-15 13:32:02,四国九州無計画旅 #1 出発編(2023-02-01～2023-02-02),sm43147705,2023-12-15 13:32:02,四国九州無計画旅 #1 出発編(2023-02-01～2023-02-02),sm43147705
778439,相川四葉,2023,False,2023-01-05 21:43:02,元祖黒部ダムなのだ,sm41611034,2023-07-20 06:00:00,きびたきトンネルと廃トンネル群を見ていくこーゆー時間,sm42493483
833705,ミギンコ,2023,True,2023-06-15 23:00:00,【VOICEPEAK車載】邪神ちゃん バイクツーリング#1,sm42357433,2026-07-21 00:00:00,【VOICEROID車載】第3回ニコニコダム祭りですの【邪神ちゃんバイクツーリング】,sm46572596
890257,ツクヨミ,2023,False,2023-06-18 19:48:02,2023　岡山県津山城　花見ツーリング,sm42371054,2023-06-18 19:48:02,2023　岡山県津山城　花見ツーリング,sm42371054
953691,音羽,2023,False,2023-02-18 00:00:00,アラフォーおっさんがDS250で日本一周に挑戦　Part11 【41~44日目　北海道→青森】,sm41809383,2023-02-18 00:00:00,アラフォーおっさんがDS250で日本一周に挑戦　Part11 【41~44日目　北海道→青森】,sm41809383
980198,ABSsuper,2023,True,2023-07-12 17:54:00,めたん紀行　＃１　月ヶ谷温泉あめご膳！【シンプル車載動画投稿祭】,sm42457093,2026-07-13 17:53:00,めたん紀行　＃２２　再訪 門司港の焼きカレー！【VOICEROID車載】【シンプル車載動画投稿祭2026】,sm46538054
981237,sc4wdofficial,2023,False,2023-02-16 23:31:02,ミニ四駆GP2023東京大会1Dに出場してきた【VOICEROID実況】,sm41806505,2024-08-14 23:01:04,ミニ四駆ジャパンカップ2024新潟大会に出場してきた【VOICEROID実況】,sm43967891
983487,sippotan,2023,False,2023-10-09 21:00:00,孤独のゆるキャンプ　第8話「佐賀県唐津市 波戸岬キャンプ場」,sm42867607,2024-11-13 11:13:00,孤独のゆるキャンプ　第13話「石川県輪島市 袖ヶ浜キャンプ場」,sm44316847
1064813,こぐにー,2023,True,2023-11-16 00:00:00,【野外料理祭２】ゆかりとあかねのキャンプ道　鉄山キャンプ場と秋の刀　【VOICEROIDキャンプ】,sm42990524,2025-08-24 21:30:07,【VOICEORID劇場】人妻マキちゃんのふたりごと【第11回ひじき祭＆ギャルゲ車載投稿祭】,sm45332955
1068276,さてら,2023,False,2023-04-29 18:00:00,【岡山県】ゼロからはじめるたびにっき～VOICEROID旅行　岡山編Part2,sm42147448,2023-04-29 18:00:00,【岡山県】ゼロからはじめるたびにっき～VOICEROID旅行　岡山編Part2,sm42147448
1097052,日堂　しゆれ,2023,False,2023-04-27 07:00:00,【CREW2】ゆかマキだらだらドライブ！99,sm42138039,2024-06-06 07:00:00,【CREW2】ゆかマキだらだらドライブ！128,sm43879279
1129955,烏丸蒼一,2023,False,2023-07-22 19:48:02,ちょっとバイクで旅に出よう　第1回　能登半島編前編,sm42517093,2023-08-05 21:00:00,ちょっとバイクで旅に出よう　第2回　能登半島編後編,sm42582559
1255034,PxNxT,2023,True,2023-01-16 22:21:02,【自転車車載】紲星あかりとTバック男爵の冷酷非情な車載動画 №1 久比岐自転車道【VOICEROID】,sm41661108,2026-04-17 19:19:00,紲星あかりのゆるポタ専科 #4【福島旅行 | 道の駅グルメとJリーグ観戦】,sm46185146
1332207,七広四季,2023,False,2023-07-05 17:37:02,ゆっかり旅日記　＃4：激走！！初夏の養老渓谷編,sm42443800,2023-12-15 20:30:00,ゆっかり旅日記　＃7：あの夏で待ってろ編,sm43147105
1345153,らざにあ,2023,False,2023-11-15 19:00:00,【coefont車載】紅葉でも見に岡山の県北に行くよ,sm43026948,2023-11-15 19:00:00,【coefont車載】紅葉でも見に岡山の県北に行くよ,sm43026948
1361959,なべしき S,2023,True,2023-11-30 15:37:02,【VOICEROID車載】ほぼニート茜 バイク旅記　-伊豆・身延編-　第１話 【Ninja400】,sm43087454,2026-02-02 23:44:04,【VOICEROID車載】元ニート茜 バイク旅記　-北海道編-【Ninja400】,sm45904244
1403965,JAKOB,2023,True,2023-12-07 20:30:03,たのしいRX-8車載　その１,sm43116951,2025-12-02 20:59:04,たのしいRX-8車載　その5/鋳釜崎＆高野崎,sm45688225
1437503,とろろ,2023,True,2023-07-09 17:03:02,きりたんと行く　大間崎ツーリング①　【見える景色の向こうがわ】,sm42462221,2026-02-28 21:29:03,きりあかと行く　富士山ツーリング1日目　【見える景色の向こうがわ】,sm46005366
1440550,ジーグ,2023,False,2023-05-07 08:00:00,東北イタコは車載動画に挑戦したい　01,sm42188478,2023-05-07 08:00:00,東北イタコは車載動画に挑戦したい　01,sm42188478
1637852,s4kitun,2023,False,2023-09-26 22:53:02,CL500納車！！秩父へツーリングを兼ねて、あるものをゲットしに！,sm42812824,2023-10-07 03:27:02,奥多摩周遊道路へツーリング！！関東屈指のツーリングエリア,sm42855005
1663249,marimo34,2023,True,2023-07-16 14:04:03,【シンプル車載動画投稿祭】夜にちょこっとドライブ。【結月ゆかり】,sm42490675,2026-06-18 23:55:17,【栃木旅行祭】電波の立たない山奥で温泉と自然を堪能する。【結月ゆかり】,sm46450745
1675529,衝撃の紅,2023,False,2023-07-16 00:17:02,つむぎがGoPro買って走ってみた【シンプル車載動画投稿祭 】,sm42488793,2023-12-30 00:57:02,つむぎがブルーシールアイス食べに走ってみた【VOICEVOX車載動画】,sm43208665
1681323,七番,2023,True,2023-07-18 03:30:02,自転車で徘徊する 23 〜とりあえず夕暮れの多摩川へ〜,sm42498714,2026-06-23 23:27:23,自転車で徘徊する 39 ~久しぶりの高尾山~,sm46470349
1764197,わさき,2023,False,2023-12-23 15:53:02,【迫真ドライ部】名古屋→松山帰省の裏ワザPart2,sm43180378,2024-10-31 23:37:03,迫真サイクリング部　ツール・ド・KISOGAWAの裏ワザ　第1話,sm44274080
2004977,にけた,2023,False,2023-05-18 02:58:02,#1 あかねちゃん初めてのキャンプ,sm42234884,2023-06-07 16:21:02,#2 あかねちゃん友人とデイキャンプ,sm42322134
2057702,人工空,2023,False,2023-04-13 14:48:02,【ツーリング】ずんだもんと行く房総半島の旅 part1,sm42075031,2023-06-03 11:52:02,【車載動画】ずんだもんと行く ネグラキャンプ場ツーリング篇 復路,sm42303542
2110599,boron,2023,True,2023-08-10 21:00:00,きりたんの外遊び♯8 ハンターカブでお出かけ 蔵王エコーライン編,sm42604739,2026-06-26 19:00:00,きりたんの外遊び♯36　山形キャンプオフ会！！,sm46474136
2126438,d(・e・lt)a でるた,2023,False,2023-07-04 20:00:00,みち、みちて。第13話 鹿児島行きは、突然に。さんふらわあ弾丸旅行(兼出張),sm42440320,2023-07-04 20:00:00,みち、みちて。第13話 鹿児島行きは、突然に。さんふらわあ弾丸旅行(兼出張),sm42440320
2684867,yuyu,2023,False,2023-03-24 17:59:02,九州を旅したいのだ！＃1「出発～鳥取」,sm41981704,2023-12-16 18:55:00,九州を旅したいのだ！＃9 最終回「聖地巡礼 阿知賀編」,sm43152447
2821573,へるにあ,2023,False,2023-04-30 01:14:02,へるにあさんとSR400のゆっくり車載動画【福井県/竹くらべ】,sm42152338,2025-03-03 02:00:04,へるにあさんと自転車のゆっくり車載動画⑤【越前海岸】,sm44719162
2826726,ハクエイ,2023,False,2023-05-05 20:15:03,アラフォー、バイクを買う　磐梯吾妻スカイライン前編,sm42180777,2023-06-25 08:26:02,アラフォー、バイクを買う　磐梯吾妻スカイライン後編,sm42397997
2843393,ざんせつ,2023,True,2023-08-03 21:59:03,【VOICEROID車載】詞音とあかりのツーリング日和#1【日帰り北海道】,sm42569003,2026-08-10 22:44:46,そうだ、鳥海山に行こう②【山岡家登山鳥海湖支店】,sm46651539
2879453,jifu,2023,True,2023-01-14 00:26:04,六花と行く！はじめてのデイキャンプ　北海道ツーリング予行演習編#1,sm41647223,2026-06-06 18:06:00,四国ツーリング2024 #3【四国カルスト後編】,sm46398927
3152864,greenおじ,2023,False,2023-02-10 22:30:02,【第二回地元紹介祭】東金御成街道を征く（前編）－千葉県－,sm41777160,2023-02-10 22:49:02,【第二回地元紹介祭】東金御成街道を征く（後編）－千葉県－,sm41777237
3440398,森のねこ缶,2023,False,2023-07-01 00:00:00,セイカさんは旅がしたい！,sm42417547,2024-11-13 10:00:00,セイカさんは旅がしたい　Part７　茨城編②,sm44316472
3462545,小豆沢,2023,False,2023-06-03 23:11:02,アリアルさんの美味しいものツーリング　02.ととすけ揚げ,sm42306824,2023-10-07 00:24:03,【第四回原石祭】アリミリのカブトラベル　はじめてのさわやか と 沼津観光,sm42854504
3555402,moG,2023,False,2023-10-18 23:04:02,旧東海道　品川宿を往く【ニコニコ自転車動画祭2023秋】,sm42909071,2025-07-20 21:00:00,緑の看板を目指せ！【シンプル車載動画投稿祭2025】,sm45203929
3709876,のいしゅ,2023,True,2023-02-19 19:00:00,【紲星あかり旅行】あかりのみちメモ＃１：御前崎,sm41819220,2026-07-16 18:00:00,【シンプル車載動画投稿祭】ティーカップと振り返るとある一日【福島県塙町】,sm46553565
3813033,さらもで,2023,False,2023-02-28 16:00:00,挙動不審な名古屋・三重の旅2023 #6,sm41859955,2025-02-14 00:00:00,[三陸の海と宮古の絶品朝食]8泊9日秋のワクワク東北グルメ旅2023[挙動不審の旅] #28,sm44646033
3845061,音速丸,2023,False,2023-10-21 23:54:03,シクロクロスってどんな感じ？ #1【稲城クロス2023】,sm42923134,2024-12-02 00:05:03,シクロクロスってどんな感じ？ #5【幕張クロス2024】,sm44383955
4145576,声に自信のないユナ,2023,False,2023-07-05 22:55:02,｛シンプル車載動画投稿祭｝オンボロ高級車を楽しもう　そのX｛次はない｝,sm42445405,2025-07-13 05:02:03,とある深夜のつぶやき　アプリビルドで地獄を見た話と車載,sm45181848
4158981,まさ,2023,False,2023-04-29 23:07:02,【VOICEVOX車載】兵庫県桜スポット巡りながら怒られたい！【モトブログ】,sm42151807,2023-09-24 06:00:00,【VOICEVOX車載】初の鳥取ツーリング！いカニ楽しむのか！？【モトブロガーは怒られたい】,sm42791965
4204449,テテ,2023,True,2023-07-07 22:19:03,初車載動画！クロスカブ50で奥多摩大橋へ【シンプル車載動画投稿祭】,sm42454162,2026-08-14 18:00:00,【ソフトウェアトーク車載 ぶらり気ままなバイク旅】ツーリングしながらボイロ達と駄弁るだけ３３,sm46652619
4251733,青砥千樹,2023,True,2023-06-08 00:16:02,【VOICEROID車載】ゆかりさんとお試しサイクリング,sm42324327,2026-03-08 23:57:05,奥只見ダム【ゆかりさんとマスターのポンコツ奇行11】,sm46038107
4292371,熊くま,2023,False,2023-11-03 21:54:03,北海道ツーリング2023-オープニング-,sm42977227,2023-11-03 21:54:03,北海道ツーリング2023-オープニング-,sm42977227
4301471,イッセ,2023,False,2023-05-31 01:10:03,写真家きりたん　玄武洞編,sm42289581,2024-04-26 00:00:00,【佐賀旅行祭】佐賀県のマル秘スポット5選,sm43583457
4323934,グライゼン,2023,False,2023-05-07 09:00:00,【ニコニコ自転車動画祭2023春】近所のサイクリングロードを走る　手取キャニオンロード【虚音イフ実況】,sm42187914,2023-12-10 23:55:00,【虚音イフ】近場のドライブに行きましょう　～大日川ダムと尾小屋鉱山沈殿池(鉱滓ダム)【有響シロ】,sm43132276
4525184,ジェフだもん,2023,True,2023-01-08 22:27:02,【ずんだもん車載】おいしい佐賀旅#01　48時間無料レンタカー使ってみた【ジェフ千葉を応援するずんだもん】,sm41625040,2026-07-12 00:00:00,【シンプル車載動画投稿祭】3分で違和感を探せ！ビンカン選手権ドライブ～天草市～,sm46538404
4846395,敏度,2023,False,2023-07-16 12:00:00,台湾八里のクソデカ地名モニュメントをボロボロ日本語で探訪する【クソデカ地名モニュメント投稿祭】,sm42448600,2023-10-14 13:00:00,廃線自転車道を通って台湾最東端をボロボロ日本語で一周する【日帰り旅行祭2023×ニコニコ自転車動画祭2023秋】,sm42820097
5339276,MuW,2023,False,2023-10-13 17:01:02,埼遊紀#00　秩父　東郷神社・寺坂棚田編,sm42882088,2024-02-28 17:00:02,埼遊紀#02後編　茨城県　筑波山編,sm43459238
5364917,nekoneko,2023,True,2023-07-30 17:44:02,2023バイ活北海道＃６ー１,sm42550228,2026-08-15 07:48:37,２０２６年バイ活北海道ー０８　道南ツーリング【バイク車載動画】,sm46670372
5453540,bayforK,2023,True,2023-12-01 19:31:02,【巻いて行こう】栃木をちょろっと走る旅【voicepeak車載】,sm43092708,2026-08-06 23:30:00,【車載】酒々井町の隣のタンメン屋で昼食ドライブ【双葉湊音】,sm46634498
5505898,ビッズ,2023,True,2023-03-09 20:30:00,あいた日はベルにのって。【VERSYS-X 250】,sm41904129,2026-07-07 00:00:00,【シンプル車載動画投稿祭2026】ちょこっとツーリング【神恵内町～神威岬】,sm46518214
5768947,湯呑み,2023,True,2023-05-14 18:22:03,【VFR1200Ｆ】九州1周ツーリング1日目九州上陸～阿蘇ツーリング【ゆっくり車載Part3】,sm42220588,2026-03-28 22:44:04,【CRF125F】ミニバイクでエンデューロ！タイスケカップ【ボイロ車載Part8】,sm46107002
5844196,ゆえぴこ,2023,False,2023-07-31 21:10:03,クロソイド・ツーリング【さとうささら/ずんだもん車載】,sm42555779,2024-08-25 16:18:04,双葉みなﾄｩｸ【シンプル車載動画投稿祭】,sm44020720
7226681,びより,2023,False,2023-08-16 15:15:03,クロスカブツーリング！！ Part1「仙台城 本丸跡」,sm42630898,2025-07-21 10:31:04,クロスカブで夏を探そう！！【VOICEVOX車載】,sm45209016
7688381,unknown H.,2023,True,2023-12-16 16:18:02,【買い出し日記】新酒を買いに行こう！　相模原と相模川と相模灘,sm43153199,2025-09-28 18:39:04,【古墳めぐり車載】京都府北部の日本海三大古墳を巡ろう！,sm45456195
7802374,佐古秋人（sgko）,2023,True,2023-02-09 23:49:03,二束のアネモネ　第１話　　若狭みやがわひまわり園編　【VOICEROID車載】,sm41772593,2026-07-12 01:22:48,【シンプル車載動画投稿祭】みゃーまい和歌山観光案内「鷲ヶ峰コスモスパーク」,sm46539102
7833078,可恋とバイク旅,2023,False,2023-01-21 09:58:02,【Voice Roid実況】熊本ツーリング　阿蘇乙姫,sm41680071,2023-05-13 10:19:02,【Voice Roid車載】熊本人吉 名刺の駅と最強の滝,sm42213857
7855235,boo_m_g,2023,False,2023-07-26 00:30:06,【パワポ紙芝居】400キロ100周年記念ブルベ（DNF）BRM722名古屋400,sm42530520,2023-09-23 21:57:29,【パワポ紙芝居】浜松ゆるポタ＆最悪の事態,sm42800121
8022405,くるぎー♪,2023,False,2023-03-25 17:00:00,【CeVIO車載】窓際男とトライアンフ #01,sm41986596,2024-08-19 00:00:00,【CeVIO車載】窓際男とトライアンフ 番外編#05【シンプル車載動画投稿祭】,sm43949334
8113505,Neppi,2023,False,2023-08-10 18:30:00,【ボイロ車載】ウナぎドライブ百景＃1 R185テストラン,sm42603884,2025-04-13 19:12:00,ウナぎドライブ百景＃２３ 【二十二景 隠岐諸島・知夫里島 赤壁】【ウナきず車載】,sm44871854
8327985,アズキ,2023,False,2023-11-17 22:08:02,タイヤ破壊と初見コメダ珈琲と立ち絵追加と【VOICEROID車載】,sm43035465,2023-11-17 22:08:02,タイヤ破壊と初見コメダ珈琲と立ち絵追加と【VOICEROID車載】,sm43035465
8465418,ダイヤスノウ,2023,False,2023-07-17 23:00:02,230717_シンプル車載動画投稿祭,sm42497889,2023-07-17 23:00:02,230717_シンプル車載動画投稿祭,sm42497889
8562831,kado,2023,False,2023-06-17 19:48:03,【大阪→滋賀】早朝からドライブ！琵琶湖編【VOICEVOX車載】,sm42365838,2023-10-06 17:15:00,雨の日に彼岸花を撮りに行ったら…良すぎた！【VOICEROID車載】,sm42850591
8611361,八神蒼介,2023,True,2023-10-09 23:00:00,ゆかりさんの気まぐれサイクリング#01 聖地ライド『侍戦隊シンケンジャー』編【VOICEROID車載】,sm42860146,2026-03-06 20:00:00,ゆかりさんの気まぐれサイクリング#19 東国三社ロングライド2026編【VOICEROID車載】,sm46023616
9583145,ゆーり,2023,False,2023-04-09 21:23:03,はしりにいきたい高速道路 その04「東関東自動車道」【VOICEROID車載】,sm42060144,2023-07-08 21:54:03,よこめでみてたい高速道路 その05「国道357号線」【シンプル車載動画投稿祭】,sm42458884
10041716,スカイ,2023,True,2023-12-25 09:48:02,【ボイカーナ3rdレポ】行きたいその日がお出かけ日和 #1「始まりは車遊びと共に」,sm43188975,2026-01-01 11:37:05,行きたいその日がお出かけ日和 #4「リベンジ・ODDR」,sm45791852
10126468,冷麦猫,2023,False,2023-07-09 20:20:02,ぼっち旅 ♯1はじめてのバイク旅投稿・大井川,sm42463504,2023-07-22 07:48:03,ぼっち旅 ♯5駒ヶ根 後編・御嶽山キャンプ場,sm42514687
10640801,きよたか＠ばんごはん,2023,False,2023-09-02 20:00:00,ずん子ときよたかの車載＆キッチン合同企画潜入大作戦！（前編）【FURU HOUSE】,sm42643611,2024-05-06 21:00:00,おきらくご近所自転車旅,sm43756961
10734913,User 10734913,2023,False,2023-01-30 18:00:00,【紲星あかり車載】紲星あかりのVストローム650XTツーリング！EP01,sm41720579,2023-07-07 18:00:00,【紲星あかり車載】あかり＆六花　Vストローム650XTツーリング！EP08,sm42431768
10975666,シルフィ,2023,False,2023-11-19 15:57:03,東名高速日本坂pa下りで食べる【めたんのめし！ふろ！ねる！】,sm43043278,2024-04-22 01:25:02,【静岡聖地巡り】沼津市　ラブライブサンシャインと手打ちラーメン【めたんのめし！ふろ！ねる！】,sm43690950
11132395,ヒトデ,2023,False,2023-07-04 18:00:00,【ドールと行くツーリング！】　富山県の観光案内　砺波市【シンプル車載動画投稿祭】【VOICEVOX車載】,sm42410561,2023-07-04 18:00:00,【ドールと行くツーリング！】　富山県の観光案内　砺波市【シンプル車載動画投稿祭】【VOICEVOX車載】,sm42410561
11175215,にわとりトランジスタ,2023,False,2023-08-11 23:17:02,【車載】穏やかになるぞ！あかりちゃん【散策】,sm42610185,2024-08-22 17:39:04,ふらっと旅々②,sm44005943
11417389,須藤三介,2023,False,2023-01-15 16:29:02,【VOICEROID車載】山形ドライブwith東北三姉妹,sm41654710,2023-01-15 16:29:02,【VOICEROID車載】山形ドライブwith東北三姉妹,sm41654710
12498749,タロウＮＣ,2023,False,2023-07-17 17:37:03,赤城山に雲海を見に行こう【シンプル車載動画投稿祭】,sm42496113,2025-07-10 23:03:03,フルパニアツーリング紀行　第２３話　特別編ナイトツーリングでラーメンとコーヒーを楽しむ話【シンプル車載動画投稿祭２０２５】,sm45174053
12974675,tokio12,2023,False,2023-07-31 00:00:00,【A.I.VOICE車載】おじさんだけど旅に出たい～GoProカフェ　ドルチェ白馬～,sm42550892,2023-09-30 00:00:00,【A.I.VOICE車載】おじさんだけど旅に出たい～河口湖自動車博物館・飛行館～,sm42824531
13181083,ねるふ,2023,False,2023-02-01 18:00:00,【バイク用品紹介祭】琴葉姉妹がいざゆかん─おい、紹介しろよ─,sm41725153,2023-04-20 17:00:00,【VOICEROID車載】琴葉姉妹がいざゆかん─集いし茨城酒カス軍団─,sm42104371
13182081,及川うぐい,2023,True,2023-12-01 21:30:00,【結月ゆかり車載】ゆかりと本田さんの探検ツーリング　その１,sm43090853,2026-07-07 19:39:43,【GPS-Tracer】ゆかりと本田さんのアプリ説明Ver.2【新機能実装しました】,sm46521255
13217831,あまどく,2023,False,2023-11-25 18:00:00,【P&amp;R旅行祭】ささらとつづみの福島めぐり 後編・磐梯急行と猪苗代湖【CeVIO車載】,sm43063504,2025-06-06 18:06:00,さわやかドライビング牧之原【第二回パークアンドライド旅行祭】,sm45058603
13737408,いわたん,2023,False,2023-03-22 20:35:03,2019 九州一周MTB旅9（最終回）,sm41973314,2023-03-22 20:35:03,2019 九州一周MTB旅9（最終回）,sm41973314
13779483,長フラ,2023,True,2023-02-04 21:12:02,【VOICEVOX車載】ほなどっかいこか（おさしみ天国・理想郷・湘南平新展望台・ゴリラ公園）,sm41748590,2026-08-06 20:27:44,【VOICEVOX車載】ほな1人でどっかいこか（福井の旅3日目）,sm46633807
13799019,トーイロ,2023,False,2023-07-05 12:27:02,天空の池へツーリングに行こう,sm42442983,2023-10-01 16:48:02,【車載主ダイエット祭】結果発表,sm42832569
13912973,がえりす,2023,False,2023-01-18 00:59:02,つづみさんのちょっとしたトラベル_城ヶ島編,sm41665811,2025-07-09 21:23:00,【シンプル車載動画投稿祭2025】富士山へ向かう道_つづみさんのちょっとしたトラベル,sm45149005
16108079,PIXY,2023,True,2023-05-15 22:22:02,第2回ボイカーナ Trailer,sm42226047,2026-06-28 21:09:33,琴葉週末紀行#1　天下の険、函谷関物ならず,sm46489888
16237240,senta,2023,True,2023-04-06 22:14:02,気まぐれツーリング #1【VOICEVOX車載】,sm42045514,2025-11-23 08:37:04,気まぐれツーリング #33【VOICEVOX車載】,sm45653309
16399107,Scwimer＠ちゃぶ,2023,True,2023-09-22 22:10:03,オフ車が増えたので走りに行こう,sm42795525,2026-02-18 04:06:04,蹴り出して征け オフロードバイク日記 part2,sm45959997
16587582,Tone,2023,True,2023-04-04 17:42:02,【東北イタコ車載】スト日記Part1 （後山公園展望台）,sm42035444,2026-08-09 13:10:05,【VOICEROID車載】V-Tones Archives part 16(焙煎工房まめや倉敷珈琲）【弦巻マキ＆桜乃そら】,sm46645032
17150096,)る(,2023,False,2023-10-13 23:35:02,【前編】ママチャリで一面の稲穂と彼岸花の中を走ってきた！（奈良県明日香村・橿原市）【日帰り旅行祭2023&amp;ニコニコ自転車動画祭2023秋】,sm42883895,2024-04-26 18:30:00,＃06【聖地巡礼】全ての天皇陵を順番に参拝する記録旅。,sm43700383
17164884,hiro-sam,2023,True,2023-02-26 21:18:02,【魂オリ祭さん】大阪府道30号を北東へ走ってみた【車載動画】,sm41854851,2026-07-07 00:00:00,【シンプル車載動画投稿祭2026】あじさい曼荼羅園（上富田町）【ギャルゲ車載】,sm46520289
17184539,ミツバ,2023,True,2023-05-28 20:41:02,雨晴はうのドライブ　鍋島町～武雄市　佐賀県立宇宙科学館　,sm42279549,2026-08-10 12:31:13,雨晴はうのドライブ　福岡　大牟田市動物園,sm46649082
17586906,ちゃりけん,2023,False,2023-07-04 12:00:00,「シンプル車載動画投稿祭」 東北ずん子のぶらりドライブグルメ ～歴史あるお蕎麦屋さん～,sm42438266,2025-07-21 18:09:04,「岐阜県旅行祭」秋の高山観光 ～食欲、芸術、スポーツ？の秋～,sm45210479
18408475,しょー↘︎,2023,False,2023-08-12 03:42:02,【VOICEVOX解説】国道254号線 和光富士見バイパス (R254BP 2023開通下南畑ー中宗岡区間),sm42611095,2023-08-12 03:42:02,【VOICEVOX解説】国道254号線 和光富士見バイパス (R254BP 2023開通下南畑ー中宗岡区間),sm42611095
19060572,おさけのみたい,2023,False,2023-07-22 20:44:03,【スーパーカブで行く九州縦断#2】スーパーカブで行く聖地巡礼＠放課後ていぼう日誌【と見せかけてスタンプラリー】,sm42517450,2023-10-27 16:55:02,【スーパーカブで行く瀬戸内一周#1】でかい駄菓子屋と広島焼,sm42945256
19123209,しーふー丼,2023,False,2023-07-15 21:13:02,山の喫茶店に行くぞ！ 豊橋～新城ツーリング【シンプル車載動画投稿祭】,sm42487784,2023-07-15 21:13:02,山の喫茶店に行くぞ！ 豊橋～新城ツーリング【シンプル車載動画投稿祭】,sm42487784
20004859,せつこ,2023,False,2023-07-17 13:00:00,3分で4台乗ってシンプルに紹介する。【シンプル車載動画投稿祭】,sm42494977,2025-07-21 23:15:00,徹夜で朝日を眺めに行く【シンプル車載動画投稿祭2025】,sm45211813
20020030,タコ缶,2023,False,2023-02-04 21:50:02,ゆかり「突然ですが、問題です。」,sm41748836,2023-02-04 21:50:02,ゆかり「突然ですが、問題です。」,sm41748836
20033689,RINGO,2023,False,2023-04-11 20:31:02,【ロードバイク車載】初心者チャリダーあかりん しまなみ海道走破の旅 Part.1【グラベルロード】,sm42067986,2024-10-15 20:00:00,【VOICEPEAK車載】まだ見ぬ景色を求めて Part.2【宮舞モカ】,sm44217038
20099139,ななろく,2023,True,2023-07-14 20:00:00,【シンプル車載動画投稿祭】りっかの四駆群馬散歩 榛名湖→四万編,sm42479589,2026-08-06 18:05:00,【そうだ、避暑しよう】北海道東北ツーリング①【群馬→小樽】,sm46631993
21032614,ラスク,2023,False,2023-08-18 21:45:04,【#1】 223ccと筑波山キャンプ【ボイロ車載】,sm42641267,2024-08-05 21:41:09,【#3】223ccと塩原滝めぐり【結月ゆかり車載】,sm43898199
21203543,ふるーちぇ,2023,True,2023-07-17 16:00:00,【シンプル車載動画投稿祭】昭和98年7月17日 いただきマンモス！きりたんとさわやかにレッツ・ゴー★,sm42495500,2026-08-14 19:00:00,シンセV千冬をお迎えしたので歌ってもらう車載動画【雑談車載】【VOICEROID車載】,sm46664959
21207860,Ichiro戦車長,2023,False,2023-08-11 12:00:00,バイク納車記念動画【VOICEROID車載】,sm42605965,2024-12-09 20:00:04,富士山ツーリングPart1【VOICEROID車載】,sm44409674
21302093,うし,2023,False,2023-11-25 07:31:02,バイクで台湾一周してみた2日,sm43065911,2024-05-05 00:37:02,バイクで台湾一周してみた8日目,sm43748104
21737513,サンセット,2023,False,2023-05-10 12:00:00,【音楽的同位体実況】可不、ODDRに参加する。【予告編】,sm42201910,2024-12-20 17:00:00,【音楽的同位体実況】可不と星界、今年もODDRに参加する。,sm44442052
21951116,こめヤギ,2023,False,2023-11-15 06:15:00,【栃木旅行祭】トバリの旅行日記【岩下の新生姜ミュージアム＆太平山】,sm43024320,2023-11-15 06:15:00,【栃木旅行祭】トバリの旅行日記【岩下の新生姜ミュージアム＆太平山】,sm43024320
22391504,ふっきぃ,2023,False,2023-07-16 21:00:00,【VOICEROID車載】京町紀行 ～伊勢志摩ドライブと展望台巡り～ 【シンプル車載動画投稿祭】,sm42492596,2023-07-16 21:00:00,【VOICEROID車載】京町紀行 ～伊勢志摩ドライブと展望台巡り～ 【シンプル車載動画投稿祭】,sm42492596
23126781,からけん,2023,False,2023-01-29 05:05:02,ゆかあかコンビで行く、国道全線踏破の旅(酷道368号線) Part1,sm41716620,2023-01-29 05:05:02,ゆかあかコンビで行く、国道全線踏破の旅(酷道368号線) Part1,sm41716620
23244346,スイカマン☆,2023,False,2023-04-14 20:57:02,モトコンポで徳島県南隧道,sm42080712,2024-08-19 20:15:03,モトコンポと県南の珍車[シンプル車載動画投稿祭],sm43993811
24151806,しろまる。,2023,False,2023-12-23 00:14:02,自転車を買ったりA.I.VOICE2を買ったり色々したので日記がてら車載動画を 作ってみようと思う #00,sm43178474,2024-11-13 23:22:04,関西に遊びに行ったVLOG,sm44318928
24439690,おおしろ,2023,False,2023-04-08 17:24:03,「岡山を巡るボイスロイドの旅！」ボイスロイドと行く旅行記　国内旅行　岡山編　0077 02,sm42053258,2023-07-29 22:25:03,神様に良縁祈願を⛩️！ボイスロイドと行く旅行記！出雲・松江編　0091　02,sm42546623
24599518,pisuko,2023,False,2023-09-01 23:52:03,【VOICEVOX車載】No.7と行くバイク旅「ナナたび（仮）」 Part.0,sm42705463,2023-09-01 23:52:03,【VOICEVOX車載】No.7と行くバイク旅「ナナたび（仮）」 Part.0,sm42705463
24721394,まっち,2023,False,2023-02-18 23:00:00,【VOICEVOX車載】つむぎとらべる！【沼津】,sm41814310,2023-02-18 23:00:00,【VOICEVOX車載】つむぎとらべる！【沼津】,sm41814310
26551886,霧島ちゃんアタック,2023,False,2023-02-16 17:43:03,ゆかりちゃんはデートしたい！！INしまなみ,sm41804753,2023-05-06 19:02:02,ゆかりちゃんはデートしたい！！IN２２６号線,sm42185954
26658409,GUNHED Unit#507,2023,False,2023-07-13 00:00:00,つくばりんりんロードで お花見サイクリング《 シンプル車載動画投稿祭 》【 ロードバイク車載 】,sm42475678,2025-07-12 12:00:00,《 シンプル車載動画投稿祭2025 》ロードバイクを◯◯◯して東京の新秘境 未踏の東京湾中央防波堤埋立地へ《 7月7日はNo.7の誕生日じゃないよ祭・NEUTRINO_No.7_4周年祭 》,sm45178406
26847752,ショコラ,2023,True,2023-09-19 18:00:00,ゆかりさん仕事を辞めたので北へ行く 0日目,sm42782161,2026-03-20 21:00:00,ゆかりさん仕事を辞めたので北へ行く 6日目,sm46078361
27195384,レイ,2023,True,2023-06-01 18:00:00,目的地はどちらですか？第一話「納車/バイク神社」,sm42293675,2026-07-07 00:00:00,【ソフトウェアトーク車載】しょうゆパークを覗いてきました【シンプル車載動画投稿祭2026】,sm46515665
28366432,googu01,2023,True,2023-12-08 20:37:02,イタコのへっぽこ釣り日記　仙台2023　番外編,sm43121236,2026-05-12 21:26:04,東北姉妹と同居人！！（仮）＃28　皆でお出かけイン四国！！後編,sm46302391
28377278,珈琲飲料,2023,False,2023-07-17 13:36:02,【シンプル車載動画投稿祭】ある休日の一幕,sm42495187,2023-07-17 13:36:02,【シンプル車載動画投稿祭】ある休日の一幕,sm42495187
28387639,常磐・水郡線の人hirohiro,2023,False,2023-08-14 07:07:02,車載動画観て思い込み実況「国道118号・理由あっての改良再投稿❗」,sm42620093,2024-09-10 23:13:03,【日帰り旅行祭2024】【VOICEROID車載】【車載動画】【県道】ふたつの車載動画を語ります,sm44088773
29278300,刀剣オタコ,2023,False,2023-07-12 17:00:00,【シンプル車載動画投稿祭】ずん子と巡る”刀剣の聖地”#備前長船,sm42473601,2023-10-15 23:59:00,【日帰り旅行祭2023】ずん子と巡る”刀剣の聖地” #信州上田＆坂城,sm42893911
29795315,Svarug,2023,True,2023-08-02 00:27:02,【VMAX-1200】のんびり行きたいツーリング Part Null,sm42561141,2026-08-09 09:57:09,【CeVIO車載】最南端目指して_Day1【VMAX1700】,sm46644358
30151602,泥巴　＃ボイスロイド動画投稿,2023,True,2023-03-18 22:52:02,「海外車載」車齢20年トヨタでも車検できる？[東北ずん子],sm41952521,2026-07-16 02:49:47,「海外車載」即☆逮☆捕w　＃東北きりたん　2分車載,sm46553549
30992568,Yk.もとお,2023,False,2023-07-07 18:00:00,【駅メモ廃線巡礼RTA】下津井電鉄跡 下津井駅～茶屋町駅  01：55：18＜前編（下津井駅～児島駅）＞【シンプル車載動画投稿祭】,sm42420862,2023-08-24 18:00:00,【自転車と鉄道の旅】予算10000円程で1泊2日の四国1周旅をしてきました #3（終）【第九回ひじき祭】,sm42664166
31607123,粗製のデラスケス,2023,True,2023-07-06 22:21:02,【シンプル車載動画投稿祭】小春立花が行く旅ツーリング　小河内ダム編,sm42449008,2026-07-17 12:00:00,そら旅！新城探訪編　with V-Strom250【シンプル車載動画投稿祭】【桜乃そら車載】,sm46554287
32434914,水出ししいたけ,2023,False,2023-08-22 22:00:00,＃２そうだ、秋吉台行こう（無計画ツーリング）,sm42659022,2023-09-02 22:30:00,♯3　周防大島侮ってた【GN125H】,sm42710302
32850517,山根スパ男,2023,False,2023-06-01 20:00:05,【voicevox車載】美星町に星を見に行こう【中国うさぎ】,sm42296156,2023-12-30 04:18:02,備中松山城に雲海を見に行くよ！,sm43209178
32915048,Yflether,2023,False,2023-06-17 19:41:02,【CeVIO車載】さとうささらとふらり旅（滝野すずらん公園）,sm42365317,2025-05-08 20:07:03,【第五回10秒動画祭】さとうささらとふらり旅（細胞神社）,sm44962459
33222917,かずちょむ,2023,False,2023-11-12 17:46:02,【スーシテンプーラ】東北を走るずんだもん part7【酒田市→新潟市】,sm43015084,2024-11-10 19:52:03,【ロンツー？後編】ラーメン大好きずんだもん【丸源ラーメン】,sm44308763
33265163,痛グミ,2023,False,2023-12-23 11:20:03,【VOICEROID】秩父で星空を撮る【結月ゆかり】,sm43179696,2024-04-05 01:24:03,【城郭登城祭】月×忍城 撮影チャレンジ,sm43620168
33986867,でこ魔神,2023,False,2023-07-14 17:21:03,【GSX250R】おもいつきで日本一周　part0,sm42482061,2023-07-14 17:21:03,【GSX250R】おもいつきで日本一周　part0,sm42482061
34122498,島ひじき,2023,True,2023-03-04 19:00:00,【車載】ド田舎、険道、ボイボ、滝【相坂トンネル】,sm41878580,2026-07-22 22:53:55,【来果車載】来果晴れ！-LIKEA BULLET!- #003,sm46579131
34386199,佳月シオン,2023,False,2023-09-07 20:00:00,【RTA】日塩もみじライン(栃木県道19号)上りRTA 1時間2分17秒,sm42728700,2023-09-07 20:00:00,【RTA】日塩もみじライン(栃木県道19号)上りRTA 1時間2分17秒,sm42728700
35870308,なめこ,2023,False,2023-10-16 02:04:03,GUMIさん、ちょっとそこまで出かけませんか？【日帰り旅行祭2023＆ニコニコ自転車動画祭2023秋】,sm42894681,2023-10-16 02:04:03,GUMIさん、ちょっとそこまで出かけませんか？【日帰り旅行祭2023＆ニコニコ自転車動画祭2023秋】,sm42894681
35951753,夕方ムーンライト,2023,False,2023-04-27 23:32:02,小春六花の湘南新宿ライン乗車日記,sm42142152,2023-04-27 23:32:02,小春六花の湘南新宿ライン乗車日記,sm42142152
36263938,Lautoka,2023,True,2023-03-29 17:31:03,【ロードバイク車載】ゆかりとロードで北九州空港へ行こう！#1【コメ返しも】【結月ゆかり】,sm42006426,2026-05-09 18:10:00,【A.I.VOICE旅行】絶景とグルメを求めアイスランドへ！,sm46288291
36410767,グレートモルボル,2023,False,2023-06-06 14:00:00,ミステリーバス 壱号車 中編-1【車載怪談朗読】,sm42317802,2023-06-06 14:18:02,ミステリーバス 壱号車 中編-2【車載怪談朗読】,sm42317827
37795408,MS,2023,False,2023-08-02 15:39:03,【オフロード】夏の河川敷コースを走る,sm42562916,2024-01-04 13:56:02,【オフロード】第31回 年忘れエンデューロに参加しました【2023年末】,sm43232785
37797700,ねこかぶり,2023,False,2023-02-02 22:17:02,絵描きりたんのモチーフ探し　弁天島収録編,sm41738725,2023-02-02 22:17:02,絵描きりたんのモチーフ探し　弁天島収録編,sm41738725
37810486,イッヌ(しののめ),2023,False,2023-06-25 23:16:02,横浜に向けて走りながら出張とかの話【モトブログ】【HONDA】【VTR250】,sm42387734,2023-06-25 23:16:02,横浜に向けて走りながら出張とかの話【モトブログ】【HONDA】【VTR250】,sm42387734
38396029,(゜Д゜)@くーてん,2023,True,2023-06-08 21:00:00,【VOICEROID車載】百合とクルマと雲海と【西伊豆スカイライン】,sm42324611,2026-02-11 20:46:04,ゆかりとマキの、新たな車【GRヤリス 納車動画】,sm45935587
38917005,つだぬま,2023,False,2023-11-26 17:54:02,【MT-25】初ツーリングで横須賀に戦艦を見に行った日【VOICEPEAK】,sm43072610,2023-11-26 17:54:02,【MT-25】初ツーリングで横須賀に戦艦を見に行った日【VOICEPEAK】,sm43072610
40817995,みすいぶ,2023,False,2023-03-18 10:00:00,※予告【札幌市南区】うろんふわん＃0【VOICEROID車載】,sm41917373,2023-03-18 10:00:00,※予告【札幌市南区】うろんふわん＃0【VOICEROID車載】,sm41917373
41285103,のーざむ,2023,False,2023-06-01 01:08:02,関道道の駅１８３駅制覇　第一話　玉村宿・まえばしあかぎ　,sm42293660,2024-03-17 00:02:02,カルちゃんとクロワちゃんグルメ　十四品目　道の駅ちちぶのわらじカツ丼とざるそば,sm43533247
41883571,ノ上七並無,2023,False,2023-11-06 22:54:02,外出記録,sm42991900,2023-11-06 22:54:02,外出記録,sm42991900
42287060,スカジャン,2023,False,2023-11-12 19:19:00,岐阜県の見どころさん？！③飛騨金山筋骨めぐり,sm43015590,2023-11-12 19:19:00,岐阜県の見どころさん？！③飛騨金山筋骨めぐり,sm43015590
42445984,春琴,2023,False,2023-01-09 21:36:02,【VOICEROID車載】東北きりたんと秘境を目指して（仮）～Part.0～,sm41629901,2023-04-30 19:43:03,【1分弱登山祭2023F】にこにこオフロード山【茨城きりたんと秘境を目指して（仮）Part.4】,sm42156026
42541208,ピンキート,2023,False,2023-12-03 03:17:02,結月ゆかりノ山歩録 #1 棒ノ折山_前編【VOICEROID登山】,sm43098975,2024-04-03 01:56:02,結月ゆかりノ山歩録 #5 黒岳➡釈迦ヶ岳_前編【VOICEROID登山】,sm43612245
43762524,えんの,2023,False,2023-08-15 18:15:00,龍×虎 阿蘇ツー ～ミルクロード編～【VOICEVOX車載】,sm42626785,2023-10-12 17:00:00,龍×虎 天草ツー ～海沿いツーリング編～【日帰り旅行祭2023】,sm42875623
44784663,桜花しずく,2023,False,2023-09-28 01:38:02,【レンタカーで】fromかりせんの実家to免許センター【ボイロ・ボイボ車載】,sm42816993,2024-03-26 19:30:03,【ボイロ車載】R23号安塚工区を走る,sm43579376
45841686,とくちぬ,2023,True,2023-07-16 18:05:03,【シンプル車載動画投稿祭】調布飛行場の掩体壕,sm42491631,2026-08-06 11:35:00,V-Strom250 新東名で爆走,sm46630939
46601391,flour,2023,False,2023-03-10 18:00:00,【結月ゆかり車載】備忘録　chapter1-1,sm41905266,2025-03-08 01:00:00,【VOICEROID旅行】備忘録 Chapter5-4「知床連山と流氷」,sm44736313
46942440,だすちるい,2023,True,2023-10-14 08:48:02,【日帰り旅行祭2023】琴葉姉妹のぶっつけ日帰り旅行inハウステンボス,sm42885129,2026-01-03 00:43:03,琴葉姉妹のぶっつけ??初心者ツーリング　withエリミネーター400SE【広島/福山・神石高原】,sm45797341
47276944,漫字,2023,False,2023-04-01 21:33:02,庭の人がDT50をまたレストアする。その1,sm42022727,2024-08-05 16:26:10,庭の人がDT50をまたレストアする。その5,sm43890661
48105304,たかぺん,2023,False,2023-05-24 22:45:02,【モトブログ】熊本・阿蘇周遊ツーリング【2023年GW】,sm42258369,2023-05-24 22:45:02,【モトブログ】熊本・阿蘇周遊ツーリング【2023年GW】,sm42258369
51304264,たのしいアップル,2023,True,2023-04-14 20:45:04,【VOICEROID車載】どこか遠くまで！浄土ヶ浜・本州最東端ツアー,sm42080758,2026-07-20 22:15:57,【シンプル車載動画投稿祭】紡乃世が三分だべるだけin瀬戸内のどっか,sm46572358
53705319,にらつき,2023,False,2023-10-22 09:29:03,【あかゆか自転車旅行記#1】夏の終わり・富士四湖巡り,sm42924181,2023-10-22 09:29:03,【あかゆか自転車旅行記#1】夏の終わり・富士四湖巡り,sm42924181
54574428,くるみん,2023,False,2023-08-30 07:30:00,[Cevio車載] 夏色花梨「気が付いたら納車されてた」#0【第九回ひじき祭】,sm42690972,2023-08-30 07:30:00,[Cevio車載] 夏色花梨「気が付いたら納車されてた」#0【第九回ひじき祭】,sm42690972
55532950,如月文(キサラギフミ),2023,False,2023-07-14 18:00:03,【シンプル車載動画投稿祭】ハンターカブでツーリング　～南さつま市金峰山～,sm42482285,2023-08-06 21:15:02,CB400SBでツーリング　～都城市母智丘公園～　【結月ゆかり車載】,sm42588093
56170546,まぐれぶ,2023,False,2023-08-15 22:51:02,【VOICEROID車載】自転車に乗って本栖湖へ（日帰り）,sm42628405,2023-08-23 12:00:00,【VOICEROID車載】本栖湖行った帰り,sm42660661
56215554,玉茶,2023,False,2023-06-09 17:00:00,ジムニーでジムニーガチャ探しに行く【VOICEROID車載】,sm42328082,2025-01-25 17:00:00,あかりさんと行く！山頂の神社で初詣【VOICEROID】,sm44576434
57379053,泊地提督,2023,True,2023-09-29 00:11:02,東北イタコの小ドライブ,sm42820525,2026-06-20 13:16:47,マスターの衝動ドライブ [首都高ドライブ] part 2,sm46456279
61907753,ウナボロス,2023,False,2023-07-26 21:43:02,【VOICEROID車載】ペーパードライバー東北イタコ Part1【青土ダム】,sm42533307,2024-11-04 19:15:00,【ボイスロイド車載】セイカさんとアトラス彗星を見に伊吹山へ,sm44287361
61981359,ミツバチ,2023,True,2023-10-12 16:00:00,アイドルの休日に密着！山寺登山と温泉と・・,sm42877381,2026-08-02 11:00:00,『音街ウナ誕生祭』リベンジゆず庵！ウナピしゃぶしゃぶ！！【ウナつい】,sm46617144
65835007,ミルトト,2023,True,2023-08-25 16:33:03,ショタケモのチャリで来た Part01 ～ ロードバイクはじめました！【VOICEROID車載】,sm42670107,2026-07-12 12:46:02,【シンプル車載動画投稿祭】ウナさんぽ。ちょっくらバーガー食べてくる！【音街ウナ】,sm46540078
66028907,鏡崎 琴春夜（ぱるさん）,2023,False,2023-07-19 14:45:02,【有響シロ誕生祭2023】有響シロの八雲探訪記【八百万夜行祭文月】,sm42503463,2024-04-07 00:00:00,【城郭登城祭】シロの日-城の日-4月6日の次の日に上がる何気ない動画【月山富田城編】,sm43624110
66364556,タメナ,2023,True,2023-10-20 19:30:00,Chu！朝イチ山中湖サイクルしてごめん【ゆかりの夏休み】,sm42915010,2026-05-19 18:00:00,戻れなくてももういいの｜バイクと俳句旅。,sm46328073
67156415,匿名喜望峰,2023,False,2023-07-18 01:11:02,【シンプル車載動画投稿祭】阪奈道路を走っているだけのテスト動画【VOICERID車載】,sm42498459,2023-07-18 01:11:02,【シンプル車載動画投稿祭】阪奈道路を走っているだけのテスト動画【VOICERID車載】,sm42498459
71063035,伊丹,2023,False,2023-10-13 00:00:00,【日帰り旅行祭/自転車動画祭】県北の川の土手でサイクリングするのは気が狂う程気持ちええんじゃ,sm42878388,2024-10-18 18:00:00,【日帰り旅行祭2024】県南を走るのはもうハンパなく楽しい,sm44226942
72357792,道北きりたん,2023,False,2023-06-04 19:21:03,道北きりたんのバイク車載動画 テストその１,sm42310865,2023-12-20 18:00:00,道北きりたんのおバイク車載動画 - 道の駅スタンプラリー編その６【湧別・佐呂間】,sm43167759
72601077,這泥(ハイド),2023,False,2023-08-21 19:40:05,ゆづきず実況 福島ツーリング,sm42654663,2023-08-21 19:40:05,ゆづきず実況 福島ツーリング,sm42654663
72814693,ザッハトルテ,2023,False,2023-08-05 10:00:00,茜「え…？海を見ながらそば食うオフっすよね？」【ソフトウェアトーク車載】,sm42579445,2024-08-06 18:00:00,葵ちゃんの雑談しようぜ　Twitter出張版【ソフトウェアトーク車載】,sm43917634
72916905,かづ。,2023,False,2023-03-07 17:34:02,ふらりカブ散歩【VOICEVOX車載】,sm41895320,2023-04-21 23:07:03,ふらりカブ散歩5 正丸峠と奥村茶屋【VOICEVOX車載】,sm42114515
73553122,チセ,2023,True,2023-02-26 08:22:02,虚音のゆる旅　＃0/市川動植物園,sm41851184,2026-03-26 18:06:04,【手抜き車載祭】若葉マークにいきなり高速を運転させるな,sm46098513
74514002,かしみや,2023,True,2023-06-01 00:36:04,【静岡】久能山東照宮　1159段石段チャレンジ【オリキャラ車載】,sm42293501,2026-08-04 17:17:00,【北九州にも都市高速はある】国道199号 北九州市門司区 → 八幡西区【アリアルさんと国道走破】,sm46625300
79480049,メ塩,2023,False,2023-10-20 17:12:02,#１　パリ歴史さんぽ【WhiteCul旅行】ミリオタが夢見たパリ旅行記,sm42916439,2023-10-20 17:12:02,#１　パリ歴史さんぽ【WhiteCul旅行】ミリオタが夢見たパリ旅行記,sm42916439
80044422,Yasu Hayami,2023,False,2023-06-10 18:00:00,スバル・レヴォーグ(VM4) （さとうささらの国内旅行(番外編)）,sm42332198,2023-06-10 18:00:00,スバル・レヴォーグ(VM4) （さとうささらの国内旅行(番外編)）,sm42332198
81333594,榎木 ねずみ,2023,True,2023-02-26 15:39:03,VOICEROID車載動画を始めたいから予告動画作ってみた,sm41852865,2026-07-07 19:00:00,最難関投稿祭から逃げ出した素人初心者一般投稿主【シンプル車載動画投稿祭2026】,sm46502269
81494092,sssSたろう,2023,False,2023-10-29 01:37:02,Kawasakiエリミネーターで行く塩原ツーリング【VOICEROID車載】ずんだもん,sm42952258,2025-02-02 20:35:06,S人のぼっちキャンプ　【VOICEROID車載】ずんだもん　憧れのあの人を追いかけてitamuroキャンプ場,sm44606839
81756582,居飛車珍道中,2023,False,2023-12-24 00:00:00,【第3回別側面祭】春日部つむぎと行く秩父神社＆山伏峠,sm43059824,2024-10-11 22:00:00,【日帰り旅行祭2024】ココセカとらべるライド　乗鞍サイクリング,sm44203469
82619466,yube_.shi,2023,False,2023-07-07 22:00:00,【ニコニコ星まつり】星空の理想郷,sm42453881,2023-07-07 22:00:00,【ニコニコ星まつり】星空の理想郷,sm42453881
86126122,のすちゃん技研,2023,False,2023-08-28 20:06:02,【きりたんぽ車載】 土砂降り作手をNAロードスターで...,sm42685460,2023-08-28 20:06:02,【きりたんぽ車載】 土砂降り作手をNAロードスターで...,sm42685460
86851445,しゃーろっと,2023,True,2023-03-02 08:00:00,祝うのが下手なOИEちゃんが祝われるのが苦手な千冬ちゃんを連れ出して祝うお話【花隈千冬誕生祭】,sm41869865,2026-03-27 05:00:00,団子と新車で唯世誕！！！,sm46099144
87658018,でとえる,2023,False,2023-11-12 12:54:02,ずんだもんと行く 弥彦山、姨捨山、夜行列車の旅,sm43013755,2023-11-12 12:54:02,ずんだもんと行く 弥彦山、姨捨山、夜行列車の旅,sm43013755
88297309,記憶する電球,2023,False,2023-02-14 23:40:03,【Uber配達員】春日部つむぎの気ままにUber#1,sm41798050,2023-05-03 23:00:00,【プチ旅】ツーリングで愛知牧場に行ってきた！,sm42170498
93399112,ももはの,2023,True,2023-10-02 18:00:00,【ソフトウェアトーク車載】ホルモンうどんを食べに行く,sm42835576,2026-07-20 23:51:07,【シンプル車載動画投稿祭】犬吠埼灯台へ行く,sm46572834
93637714,でれけ,2023,False,2023-10-16 17:00:00,歴史趣味つづみさん 出雲に行く【日帰り旅行祭2023】,sm42896413,2023-11-06 12:00:00,つづみさんと行く街道紀行_広島県上下町,sm42987667
93656714,らんななっつ,2023,True,2023-07-05 19:00:00,てきとー車載　ＬＲＴの線路沿いを走ります　前編【VOICEROID車載 】,sm42443962,2026-07-21 19:00:00,【栃木の道の駅全制覇】道の駅 きつれがわ　に行ってきました 前編【VOICEROID車載】,sm46574607
95663934,N4NO,2023,True,2023-08-13 22:07:03,ゆづきずきまぐれ旅行記～海老名→海ほたる～【VOICEROID車載】,sm42618922,2025-11-13 20:02:00,【VOICEROID車載旅行】北海道ほぼ一周旅行・急【月乃雫写真館】,sm45619496
96044342,しょーさ,2023,True,2023-09-10 12:10:03,【復刻塗装】アポロ色の6000系出発式に行ってきた！【西尾市政70周年記念】【VOICEVOX】,sm42742594,2026-06-06 18:06:00,【第3回ナイスビュー投稿祭】六花さんが南知多に海を見に行くだけ【ローなテンションの六花さん】,sm46363070
96453860,歩＆みおトラベル,2023,True,2023-08-26 20:32:02,【巨大なダム】立山黒部アルペンルート　前編,sm42676023,2025-11-09 20:09:04,【白馬まで短縮！】大糸線あずさ5号旅【歩とみおの旅日記】,sm45607630
97599960,DrPiN,2023,False,2023-01-14 20:20:03,40代から始めたバイク車載ー埼玉周遊①（奥秩父）,sm41650710,2023-07-17 19:31:05,【シンプル車載動画投稿祭】40代から始めたバイク車載_番外編①,sm42496771
97814997,みずに,2023,True,2023-10-06 22:28:02,【VOICEROID車載】旅ノ香リ　「あっち食って、こっち行って」,sm42853872,2026-04-18 22:31:05,お前、動画投稿してない間に乗り換えとったんか！？[一年半の長期インプレ動画],sm46192899
97911240,仮の人,2023,True,2023-05-21 16:15:02,【決意表明】 福島県から日本一周 ！,sm42249467,2026-05-06 18:00:00,【バイク旅|Z250】福島県から分割日本一周 ！Phase.23 【九州・沖縄編】,sm46274524
99207533,とりのつくね,2023,False,2023-07-17 23:10:02,【初投稿】利根川とカトリシティ【シンプル車載動画投稿祭】,sm42497880,2024-09-01 23:00:00,【シンプル車載動画投稿祭】空色の旅#0 風車と向日葵畑【トリシティ】,sm44054412
115653141,こころ,2023,False,2023-03-31 02:29:02,雨沢峠ヒルクライム,sm42013212,2023-09-22 17:41:02,るっくおんせぶん！日本縦断自転車旅DNF,sm42794178
115657508,夕ヒロ,2023,False,2023-07-17 18:00:00,【シンプル車載動画投稿祭】私も貴方も通る道#0,sm42495913,2024-10-20 23:56:03,【日帰り旅行祭2024】わたみち＃1,sm44236884
115704673,ΨΨΨΨΨ,2023,False,2023-05-17 08:41:02,かろやか 7273,sm42231601,2023-05-17 08:41:02,かろやか 7273,sm42231601
115849761,そばやき,2023,False,2023-12-10 18:00:00,沖縄本島ダムカード回収RTA？？？[ニコニコダム祭り],sm43129614,2025-03-09 20:00:00,金城ダムを散歩しよう！【第二回ニコニコダム祭り】,sm44743325
115964000,ヨシゴイ,2023,True,2023-08-14 20:51:02,【VOICEROID車載】埼玉ギャルと寄り道ドライブ #1,sm42622913,2026-03-21 03:30:04,【VOICEROID車載】埼玉ギャルと寄り道ドライブ #4.5,sm46079720
116665199,マルピギア,2023,False,2023-09-23 18:00:00,【voicevox車載】釧路みち　国道38号～白糠恋問館,sm42797714,2025-06-18 17:00:00,【リベンジ】俺以外だれも興味ない観光スポット・音別新八景に半年ぶりに挑戦【釧路のずんだもん】,sm45099154
117240278,エソ@est,2023,True,2023-07-08 07:00:00,【シンプル車載動画投稿祭】自転車車載Trip01～彌彦神社と菊と～,sm42455456,2025-12-06 02:30:00,きりたんCRANK UP！初のオフロード！？松伏シクロクロス2025,sm45698836
117476167,セントホワイト,2023,True,2023-06-27 11:56:02,【チボラジッ！　リターンズ】富津公園・明治百年記念展望塔へ！,sm42407515,2026-07-20 11:15:43,未知なるハンバーガーを腹に納めて【part23】,sm46569703
119498841,タロタロ,2023,False,2023-09-24 00:48:03,ずんそらのんびりドライブ　乙宝寺編,sm42800892,2024-09-01 16:16:03,ずんだもんのんびりドライブ　笹川流れ,sm44051983
119597163,過田 玄白,2023,False,2023-02-25 19:19:00,【CBR400R擬人化車載】夜と駆ける #名古屋夜景篇,sm41846657,2023-02-25 19:19:00,【CBR400R擬人化車載】夜と駆ける #名古屋夜景篇,sm41846657
121397739,ゲスト,2023,False,2023-03-24 08:12:02,ねこねこ日本史擬人化　手書き北条氏綱　変身バンク,sm41979866,2023-03-24 08:16:02,ねこねこ日本史擬人化　手書き北条氏康　変身バンク,sm41979877
121857236,玲音P,2023,False,2023-05-18 21:25:02,そのＡＤＶ、１６０㏄　part０【Voicevox車載？】,sm42236349,2023-07-16 16:12:02,【シンプル車載動画投稿祭】そのＡＤＶ、１６０㏄番外編　ミリシタコラボ！COTORIDO【Voicevox車載】,sm42491153
122034415,ウニロク,2023,True,2023-12-25 23:40:04,イタコとバイクと姉妹橋,sm43191952,2026-03-22 09:00:00,湾岸ヒメミコナイト 四国ランナー,sm46083402
122362426,メンタリア,2023,False,2023-10-23 00:14:02,病んでも乗れるつくばりんりんロード【ニコニコ自転車動画祭2023年秋】,sm42927908,2025-06-29 17:23:04,【霞ヶ浦温泉】病んでも乗れるりんりんロード【船の足湯】,sm45135877
123211446,四輪バギー専門ch,2023,False,2023-02-24 17:53:02,【四輪バギー】世界の変わったバギー12選(全地形対応車/ATV),sm41842755,2023-03-21 18:06:02,本気でバギーを買おうか悩んでる人だけ見てください。【50cc/冬】,sm41967933
123671801,ni,2023,False,2023-08-07 19:28:02,【4630万円】琴葉姉妹と阿武町ツーリングいってみた,sm42589480,2023-08-07 19:28:02,【4630万円】琴葉姉妹と阿武町ツーリングいってみた,sm42589480
123688456,ふぁくとりー,2023,False,2023-01-05 22:46:03,あけおめずんだもん（遅刻）【16薬目】,sm41611402,2023-01-05 22:46:03,あけおめずんだもん（遅刻）【16薬目】,sm41611402
123739522,泣きます,2023,False,2023-06-12 20:00:00,【ボボボ旅行】沖縄最東端の北大東島に行ってみた！！！！,sm42345766,2024-09-09 20:00:00,【ボボボ旅行】水と祭と鉄の都，西条市！【2000年全市区町村訪問#8】,sm44084009
123750192,めがねのひと,2023,False,2023-08-21 18:59:02,【チバイチチャレンジ】初心者チャリチャリ始めました！印旛沼CR後半【#3】,sm42654434,2023-10-29 05:43:02,【1日目後編】初心者チャリチャリ始めました【チバイチチャレンジ】,sm42952634
124844731,it,2023,False,2023-10-14 05:00:00,【ニコニコ自転車動画祭2023秋】BRM722　RC名古屋400km　100周年記念,sm42883626,2023-10-14 05:00:00,【ニコニコ自転車動画祭2023秋】BRM722　RC名古屋400km　100周年記念,sm42883626
124917553,南海道探検隊@かやかも,2023,False,2023-02-22 19:21:02,徳島の秘境に眠る「古代神殿」の遺跡と「鍵だらけ」のお堂！？【 美馬旅行 EP1/2 】,sm41833365,2024-03-22 21:00:00,【宮舞モカ】最後の１台!?ボンカレー自販機を見に行ってきた！【レトロ自販機】,sm43560563
124946032,旅するヒュッテ,2023,True,2023-04-07 18:49:02,【国道140号走破！】彩甲斐街道 秩父往還 国道140号を走る【CeVIO車載】,sm42048486,2025-09-02 17:05:08,【能登半島一周旅行】#7（fin）白米千枚田を訪問【CeVIO旅行】,sm45364007
125353785,あゆとす,2023,False,2023-03-18 17:25:02,京阪本線を解説！【CeVIO解説旅行】[前面展望・全線解説],sm41948746,2023-03-18 17:25:02,京阪本線を解説！【CeVIO解説旅行】[前面展望・全線解説],sm41948746
125423250,HK,2023,False,2023-01-08 17:00:00,【結月ゆかり車載】アバルト124スパイダーと行く愛知最南端への旅,sm41622820,2024-02-03 18:00:00,【結月ゆかり車載】NBロードスターと行く伊勢志摩ナイスビューキャンプ,sm43346482
125429448,葱ラッテ,2023,False,2023-02-17 19:00:00,きりたんの終活日記　2022年12月編,sm41806062,2023-12-17 17:33:03,きりたんの終活日記　2023年4月編,sm43157840
125941402,ユキヤ,2023,True,2023-01-14 19:17:02,【車載動画】引きこもりオタクですがツーリングさせてください！【金沢八景編】,sm41648146,2026-08-11 20:38:17,【ニコニコ登山祭】引きこもりオタクですが登山させてください！【榛名富士編】,sm46655045
126065992,白音事務所,2023,False,2023-06-15 00:51:02,【VOICEROID車載】テスト撮影兼納車！,sm42354827,2024-11-18 10:54:03,【ニコニコ国内旅行】車載主が行く沖縄旅行!,sm44334464
126182443,カラス,2023,False,2023-07-17 19:35:02,福井とメガネと恐竜と【クソデカ地名モニュメント投稿祭】,sm42496776,2024-02-27 01:09:02,折り畳み自転車納車！！【愛車の用品・パーツ紹介祭】,sm43455814
126201921,イモリさいとう,2023,False,2023-09-30 20:18:02,ずんだもんのサウナ旅「飛んで滋賀09(最終話) 北近江リゾート　北近江の湯」,sm42828379,2023-09-30 20:18:02,ずんだもんのサウナ旅「飛んで滋賀09(最終話) 北近江リゾート　北近江の湯」,sm42828379
126223774,こお@低床ゆかり,2023,False,2023-05-30 21:56:02,【VOICEROID 車載】ゆかりさんの車治安悪くない？大丈夫そ？　＃1 初めまして！,sm42288428,2023-07-16 22:00:02,【VOICEROID車載】ゆかりさんの車治安悪くない？大丈夫そ？ #3絶不調シルビアちゃん 【シンプル車載動画投稿祭】,sm42492736
126234140,やくも(乗り物と海外が好きです),2023,False,2023-03-30 20:44:02,【祝延伸】221系で大阪駅地下ホームから新大阪駅までの車窓,sm42011763,2023-03-30 20:44:02,【祝延伸】221系で大阪駅地下ホームから新大阪駅までの車窓,sm42011763
126400489,く～れい（ゆ～れい）,2023,True,2023-02-13 01:44:02,衝動に駆られたずんだもんと行く年末根室ドライブ＋a,sm41789222,2026-06-04 19:00:00,新しい旧いバイク、納車しました【何はなくとも走りましょう。】,sm46392400
126490805,モノグサ,2023,False,2023-08-30 19:16:03,花隈千冬の一人旅 01 岐阜県恵那市岩村町【SR400】,sm42693372,2025-06-29 23:09:04,花隈千冬の一人旅 05 香嵐渓と足助町【SR400】,sm45136910
126725023,トマパスチャンネル,2023,False,2023-03-25 00:00:00,【ボイボ寮応援祭】九州そらのわくどき妖怪旅！【VOICEVOX旅行】,sm41882079,2023-03-25 00:00:00,【ボイボ寮応援祭】九州そらのわくどき妖怪旅！【VOICEVOX旅行】,sm41882079
126804258,あわのかみ,2023,True,2023-07-14 18:11:02,あかりたび！ 第2話 カワサキVERSYS-X 250で愛知県→関東へ　スカイスパYOKOHAMA＆スコープドッグ＆ラーメン二郎府中店【VOICEROID旅行】,sm42481691,2026-04-05 20:00:00,これがリアルな戦国時代の山城だ！！『足助城(真弓山城)』愛知県豊田市【城郭登城祭第三陣】,sm46134699
126930338,るみな,2023,False,2023-08-13 20:00:00,激安アクションカメラの機能確認のために自転車で走るだけ,sm42618039,2023-09-06 19:00:00,アクションカムの調子を確かめながら川越を観光するだけ,sm42726559
127018604,床拓,2023,False,2023-05-21 20:44:04,ゆかりときりたん、どこ行くだあ？～丹後半島半周編～ 【VOICEROID車載】,sm42250941,2023-10-24 22:30:00,ゆかりときりたん、どこ行くだあ？～丹後半島横断編～ 【VOICEROID車載】,sm42935197
127212598,へび「どらごんです。」,2023,False,2023-07-06 16:00:00,アイスランド旅行、開始 - part1,sm42447418,2023-07-06 16:00:00,アイスランド旅行、開始 - part1,sm42447418
127227775,やよいだよい,2023,False,2023-08-31 06:39:02,夏と沼田とおとまっちゃん【VOICEROID車載】,sm42695889,2025-07-25 21:03:04,ツーリングお弁当してきました,sm45223609
127239433,クマリン,2023,True,2023-08-09 17:00:00,夏色花梨とムチポタ～手賀沼サイクリングロード編～,sm42596340,2025-09-09 00:00:00,夏色花梨のムチポタ~新シリーズ！? 久しぶりのグルメポタ~,sm45352414
127265966,水野鳴海,2023,False,2023-03-16 21:00:00,【ずんだもんと行く】ひたすら道なりドライブ　第7回　八熊通【愛知県名古屋市昭和区→八熊通→？？？】,sm41937562,2023-07-01 20:30:00,【ずんだもんと行く】 ひたすら道なりドライブ　第11回（最終回）　国道41号から国道1号　その3【愛知県岡崎市→田原市】,sm42422790
127388388,ゆっくりステンレス,2023,True,2023-10-08 15:34:02,ゆっくり車掌　廃線サイクリング①　山形交通高畠線,sm42860879,2025-12-09 01:05:00,#ゆっくり車掌 #十和田観光電鉄 #十和田市 → #三沢 #廃線サイクリング,sm45708544
127414966,卯太郎,2023,False,2023-03-21 01:00:03,【決意表明】ペーパーライダーがCBR250RRで日本一周　Ep.0,sm41964746,2023-03-21 01:00:03,【決意表明】ペーパーライダーがCBR250RRで日本一周　Ep.0,sm41964746
127633110,someth kay,2023,False,2023-03-19 08:35:02,ボッチ旅行記　太宰府までお呼ばれツーリング,sm41955067,2023-09-03 10:52:02,ボッチ旅行記　西米良4社？参り　その弐,sm42712550
127882895,deniselynnimages,2023,False,2023-02-12 06:38:02,人工知能 女性  Seize the day - Female Ai Art,sm41783853,2023-02-12 06:38:02,人工知能 女性  Seize the day - Female Ai Art,sm41783853
128081410,要冷蔵,2023,False,2023-10-12 20:17:02,【日帰り旅行祭2023】ゆかりさんが加太に行ってきたそうです,sm42867975,2025-04-19 21:15:03,【音だけ車載祭】行きの新幹線でしゃべってるだけ,sm44893877
128099599,なまこの兄貴,2023,False,2023-07-18 00:46:03,【シンプル車載動画投稿祭】明日が投稿祭最終日？関係ない。行け。,sm42498379,2025-06-11 02:01:03,ク ソ デ カ パークアンドライド　【第二回パークアンドライド旅行祭】,sm45076462
128209422,丸端子,2023,False,2023-03-25 19:00:00,つづみとささらの行き当たりばっ旅#1　戸隠,sm41987037,2025-01-13 12:00:00,【CeVIO車載】　ODDR2024(遅刻組)　~つづみとささらの行き当たりばっ旅~,sm44533162
128485323,ダイナソーこまち,2023,False,2023-06-16 04:46:02,琴葉放浪記～石鎚山編～,sm42358941,2023-12-01 16:37:02,小春・ダ・六花のぶらり町あるき～山梨観光編～,sm43091798
128486459,さつ餅,2023,False,2023-08-17 19:03:02,会社辞めてレブル500で日本一周するのだpart1,sm42632748,2024-12-24 01:32:03,会社辞めてレブル500で日本一周するのだpart4,sm44456926
128821279,小川,2023,True,2023-04-10 18:42:02,【ボイロ留学Vlog】羽田→？？に出発？！【東北きりたん】,sm42063551,2026-01-13 16:14:04,【椅子40時間】深圳→チチハルを在来線で移動してみた【VOICEROID旅行】,sm45831662
128960882,ニャル,2023,False,2023-09-04 22:11:04,ナコレコキャンプ＃２,sm42719806,2023-10-22 13:43:02,ナコレコキャンプ＃３,sm42925065
129001757,超ローカルお散歩,2023,True,2023-05-17 10:16:02,結月ゆかりの「鴻巣市下谷・常光・桶川市圏央道・赤堀川」お散歩,sm42231717,2026-08-13 03:41:42,行田タワー田んぼアート2026　MINECRAFT,sm46660606
129154930,車載動画おじさん,2023,False,2023-05-26 17:00:00,【四輪車載】ＡＩおじさん車紀行 その１【桂浜紀行前編】,sm42269071,2023-07-14 20:03:02,【四輪車載】ＡＩおじさん車紀行 その３【ラーメンとモネの庭紀行】,sm42482686
129205488,ぼいつー,2023,False,2023-05-14 18:45:02,【VOICEROID車載】バイク馬鹿が日本全国ツーリング①　岐阜編①,sm42220716,2023-08-01 22:29:02,【VOICEROID車載】バイク馬鹿が日本全国ツーリング④　静岡編①,sm42560506
129241674,ぱん粉,2023,True,2023-09-23 18:14:02,【袖ヶ浦海浜公園】ツーリングにいくのだ #1,sm42797579,2026-07-11 18:00:00,四日市の工場夜景を撮りに行く雪さん【シンプル車載動画投稿祭】,sm46536560
129350851,たぃやき,2023,True,2023-07-08 20:15:02,【VOICEROID車載】こんなドライブでいいよね？　幸手権現堂の紫陽花（紲星あかり車載）,sm42458356,2026-03-08 12:24:04,こんなドライブでいいよね？　日帰り喜多方ラーメン編2026【日帰り旅行祭】,sm46035187
129480633,アリス・マーガレット,2023,False,2023-06-27 20:27:03,【初投稿】十和田湖へドライブしてみませんか？#１【発荷峠篇・VOICEROID車載】,sm42409135,2023-07-21 15:02:02,ネタ切れで自称世界一ダサいカブを用意しました【VOICEROID】,sm42511508
129536540,無職ノーマッド,2023,False,2023-06-14 12:00:00,無職ノーマッドの日本一周キャンプ旅（準備編）,sm42350582,2023-06-21 12:00:00,無職ノーマッドの日本一周キャンプ旅（準備編part2）,sm42381273
129697889,すもび,2023,True,2023-09-04 21:00:00,【voiceroid写真旅】ゆかりさんのフォトラベル　＃０４【信州】,sm42716986,2026-03-19 19:00:00,手抜き旅 in 北海道,sm46067814
129809139,ちょりそー,2023,False,2023-07-14 18:55:02,【シンプル車載動画投稿祭】海ほたるPAまで行ってみよう【GUMI車載】,sm42482443,2025-07-21 22:14:04,【シンプル車載動画投稿祭】うしろむきダイアリーPart.2「シンプルに行く！東京湾横断編」【GUMI車載】,sm45211549
129853819,いざえもん,2023,True,2023-07-16 20:42:03,【シンプル車載動画投稿祭】富士スバルラインへ行きました！【VOICEROID車載】,sm42492413,2026-07-20 18:30:00,【シンプル車載動画投稿祭】ヤビツ峠に行ってみよう！,sm46571071
129867530,海畑,2023,False,2023-07-17 21:26:02,【シンプル車載動画投稿祭】ずんだもんの休日の様子【ずんだもん週末旅行 in 広島】,sm42497409,2023-07-17 21:26:02,【シンプル車載動画投稿祭】ずんだもんの休日の様子【ずんだもん週末旅行 in 広島】,sm42497409
130029354,前見て運転,2023,False,2023-12-10 00:00:00,【ソフトウェアトーク車載#1】関空から伊丹空港まで陸路で行きます,sm43126694,2023-12-10 00:00:00,【ソフトウェアトーク車載#1】関空から伊丹空港まで陸路で行きます,sm43126694
130226245,ずんだもんカーナビ,2023,False,2023-08-28 11:59:02,【車載動画】ずんだもんのカーナビと行く西日本縦断1 - 神奈川県 一般道1,sm42683886,2023-09-03 22:36:02,【車載動画】ずんだもんのカーナビと行く西日本縦断2 - 神奈川県 一般道2,sm42715813
130362468,作木 響太郎,2023,True,2023-08-27 03:09:02,【VOICEROID車載】もう一度あの場所へ Revision 0.1 - コロナが治ったのでリハビリに行ってきた・前編 -,sm42677510,2026-07-20 23:59:00,【シンプル車載動画投稿祭】ずんだもんとソフトクリーム【VoiceVox車載】,sm46571699
130380191,山上りすこ,2023,True,2023-09-15 18:00:00,どうして富士山に登るために富士山に登る必要があるんですか？【徒然おとまちwithとーほく】,sm42763455,2026-08-14 18:00:00,ばんえい競馬で巻き返しを図りました【北海道旅その７】,sm46615579
130506790,むぎ,2023,False,2023-09-11 13:44:03,【CBR400R】ゆるキャン△好き女子のソロツーリング,sm42747280,2023-09-11 13:44:03,【CBR400R】ゆるキャン△好き女子のソロツーリング,sm42747280
130555257,ダルトン/Dalton,2023,False,2023-09-24 20:51:02,【VOICEVOX車載】四国横断酷道ツーリング前編,sm42804511,2025-07-22 00:36:03,【シンプル車載動画投稿祭】王子が岳から児島まで走る【四国めたん車載】,sm45212133
130641890,爪鹿然,2023,False,2023-10-15 19:51:02,福岡・久留米の社寺を巡ってから大分へ関サバ食べに行く【日帰り旅行祭2023】,sm42891907,2024-03-17 18:41:02,鯖街道の社寺：修行の聖地・足利将軍閑居の庭【VOICEROID旅行】,sm43535967
131047552,maito,2023,False,2023-11-02 12:51:02,【CeVIO AI】ぼっちの七日間輪行＃1 ～DAHON K3で行く北海道フリーパスの輪行旅～,sm42970701,2024-10-06 18:05:04,安威川ダムとフラッシュ放流,sm44184726
131361433,たま,2023,False,2023-12-07 19:41:02,【VOICEVOX車載】つむぎたび。#1 初めてのお泊りソロツー編part1【道志みち】,sm43116716,2024-03-24 23:12:02,【1分1秒弱車載祭】首都高ノススメ【VOICEVOX車載】,sm43571961
131398302,やみの,2023,True,2023-12-02 20:10:03,あかあか旅日記「彦根ツーリング編」【VOICEROID車載】,sm43097200,2026-08-14 19:00:00,あかあか旅日記「伊豆ツーリング（前編）」【VOICEROID車載】,sm46666827
131434413,たーめり,2023,False,2023-12-07 02:56:02,ゆるっと電動アシスト自転車旅！3日で大阪→名古屋 Part.1（1日目前編）【VOICEPEAK車載】,sm43114711,2024-09-17 22:13:04,ゆるっとらいど！ 敦賀でゆるっとポタリング編【VOICEPEAK車載】,sm44115330
131438145,ずんだもんの限界釣り人生,2023,False,2023-12-07 12:58:02,【ずんだもん解説】限界ずんだもんの大分県方面アジング釣行。熊本県方面からのドライブ【2023.11.28-29】,sm43115382,2023-12-07 12:58:02,【ずんだもん解説】限界ずんだもんの大分県方面アジング釣行。熊本県方面からのドライブ【2023.11.28-29】,sm43115382
131451614,Prks,2023,False,2023-12-11 21:39:03,【第3回ボイカーナ】ジムカーナやります、カートで！【モータースポーツ投稿祭2023】,sm43135548,2023-12-11 21:39:03,【第3回ボイカーナ】ジムカーナやります、カートで！【モータースポーツ投稿祭2023】,sm43135548
131542787,ノイン,2023,False,2023-12-22 21:05:02,Hang out with! #1 車載デビュー⁈ in秋吉台,sm43177603,2023-12-22 21:05:02,Hang out with! #1 車載デビュー⁈ in秋吉台,sm43177603
131612171,末代,2023,True,2023-12-25 23:33:02,レトロ自販機往訪 その１,sm43191921,2025-12-04 23:41:05,レトロ自販機往訪 その21,sm45695186
131621889,他力本願（旅と料理を基本頑張る）,2023,False,2023-12-25 02:11:03,【５日で東北全県制覇】琴葉葵とシマエナガ東北旅withハンターカブ　Part1,sm43188378,2024-04-20 21:53:02,【５日で東北全県制覇】琴葉葵とシマエナガ東北旅withハンターカブ　Part2(青森編),sm43684580
131645849,μ（ミュー）,2023,True,2023-12-27 21:44:02,青空を探して➀（大洗～笠間）,sm43196111,2026-01-28 19:00:00,青空を探して⑰（北海道ツーリング５）,sm45880031
36777,たつしろ,2025,False,2025-07-21 17:00:00,【初投稿】ゆかりさんの鉄板！避暑ツーリング【シンプル車載動画投稿祭2025】,sm45208166,2025-07-21 17:00:00,【初投稿】ゆかりさんの鉄板！避暑ツーリング【シンプル車載動画投稿祭2025】,sm45208166
97427,ぶらうにー@みりあ,2025,True,2025-08-24 23:04:04,【A.I.VOICE車載】くるまではしる。＠神戸市須磨区【夜語トバリ】,sm45333566,2025-08-24 23:04:04,【A.I.VOICE車載】くるまではしる。＠神戸市須磨区【夜語トバリ】,sm45333566
163380,さむかわ,2025,False,2025-07-16 18:42:03,バイクを買ったよつむぎちゃん【VOICEROID車載】,sm45193410,2025-07-17 02:41:04,【シンプル車載動画投稿祭2025】高速道路だよつむぎちゃん【VOICEROID車載】,sm45194856
176554,カレント,2025,True,2025-04-07 19:27:04,GSファンライドに行った話,sm44853711,2026-07-26 21:49:16,GS FUN RIDEに行った話,sm46593909
238298,Makoto,2025,True,2025-02-26 18:00:00,2017-2018 北海道年越しドライブ part1【VOICEROID車載】【ソフトウェアトーク車載】,sm44699968,2026-07-05 19:12:49,【ソフトウェアトーク車載】2024北海道キャンプ旅 ～神々の遊ぶ庭～【ソフトウェアトーク登山】,sm46516173
326181,沢渡かすが,2025,True,2025-02-17 22:17:00,【ついなちゃん車載】国道217号走破に付き合わされるついなちゃん,sm44662127,2026-07-17 22:17:00,【ついなちゃん車載】津軽岩木スカイラインの紹介に挑戦するついなちゃん【シンプル車載動画投稿祭2026】,sm46556813
359726,Ganaha Chan,2025,True,2025-08-24 03:01:04,【富山県】美しすぎる魚津の水【北陸イタコのB級グルメ旅】,sm45329697,2025-11-23 00:33:04,【富山県】赤い色のラーメン…ヤツだ、ヤツが来たんだ【北陸イタコのB級グルメ旅】,sm45653653
513789,佐久ハラミ,2025,True,2025-12-07 00:00:00,【例のアレ投稿祭】琴詠ニアさんと行く例のアレのお店【こうめ家】,sm45699896,2026-06-05 18:00:00,【琴詠ニア新規立ち絵記念投稿祭2026夏】琴詠ニアさんと行く温泉【エミナース温泉 七福の湯】,sm46387959
555897,くまの,2025,True,2025-03-15 12:42:03,琴葉つーりんぐ！！　納車編　【Eliminator】,sm44763928,2026-05-23 00:00:00,【ぬいぐるみ旅行祭】琴葉つーりんぐ！！あしかがフラワーパーク,sm46340924
760860,esk,2025,True,2025-07-19 05:47:03,対馬の海中鳥居,sm45201226,2026-07-20 09:02:32,ちょうじゃばる【シンプル車載動画投稿祭2026】,sm46569389
784610,かずわん,2025,True,2025-01-26 10:23:02,【車載動画】初投稿テスト,sm44579940,2026-07-20 19:00:00,【シンプル車載投稿祭2026】おうどんアテンド,sm46570169
879598,くろあ,2025,False,2025-05-28 07:41:04,【ロードバイク】ゆかりあかりのVoiceRord_鯛焼き食べたい,sm45026368,2025-06-04 10:17:04,【ロードバイク】ゆかりあかりのVoiceRord_富士ヒルクライム,sm45052857
1006651,かしわいさつき,2025,False,2025-06-06 18:06:00,【第二回パークアンドライド旅行祭】葉山でライドパークライドしながら海の神社へ【花隈千冬の不思議な旅行記 EX】,sm45054740,2025-06-06 18:06:00,【第二回パークアンドライド旅行祭】葉山でライドパークライドしながら海の神社へ【花隈千冬の不思議な旅行記 EX】,sm45054740
1077366,ケイリアン,2025,True,2025-11-20 21:27:03,北海道東部登山紀行　羅臼岳、斜里岳、雄阿寒岳　1日目 準備編,sm45645959,2025-11-20 21:27:03,北海道東部登山紀行　羅臼岳、斜里岳、雄阿寒岳　1日目 準備編,sm45645959
1289347,Fortran,2025,True,2025-10-13 18:00:00,【離島旅行祭2025】小春六花と波照間サイクリング【夏休み旅行祭】,sm45508199,2025-10-13 18:00:00,【離島旅行祭2025】小春六花と波照間サイクリング【夏休み旅行祭】,sm45508199
1464145,とばないとり,2025,True,2025-02-23 02:34:04,初バイク車載動画で六甲山,sm44688033,2026-03-21 17:00:00,【手抜き車載祭】ビワイチ進捗報告【VOICEROID車載】,sm46081367
1490062,たくあん,2025,True,2025-03-30 09:39:03,しずおかラーメン奇行＃１　ラーメンこころ編,sm44822991,2025-08-27 21:00:00,しずおかラーメン奇行＃2　豚そば金龍編,sm45340778
1704493,神若カルモ,2025,True,2025-08-09 16:14:03,#0 コレカラ ユニバへ（道中カメラテスト）編【2025初投稿動画祭】,sm45271400,2026-07-17 10:00:00,面白い自販機を求めて【宮舞モカ投稿祭夏】,ss46448655
1724860,ろーくん,2025,True,2025-08-23 17:22:04,【2025初投稿動画祭】北海道広すぎぃ！！【VOICEROID車載】,sm45327373,2026-07-20 18:16:24,【シンプル車載動画投稿祭2026】洞爺湖一周ツーリング,sm46571111
2000605,Yuu,2025,True,2025-12-30 18:40:04,【VOICEROID旅行】琴葉姉妹の気ままなキャンピングカー旅 静岡編ー前編ー,sm45783684,2026-07-24 20:00:00,【VOICEROID旅行】琴葉姉妹の気ままなキャンピングカー旅 静岡編ー後編ー,sm46582674
2110833,eboshi,2025,True,2025-08-10 08:00:00,しろたんと行く　道の駅新駅巡り２０２５年夏　その１,sm45274099,2026-07-27 21:01:12,しろたんと行く　道の駅巡り２０２６年夏　その４,sm46596960
2540991,あみじゃかん,2025,True,2025-11-14 23:04:04,放射線治療受けた話【ソフトウェアトーク車載】,sm45624930,2026-03-15 17:04:03,春野にサッカー観に行ったよ【手抜き車載祭】,sm46061411
2544284,ぷれいあ,2025,True,2025-03-25 18:30:00,テスト＆練習(車載動画),sm44805111,2026-06-08 17:00:00,第7回ボイカーナに参加しよう！,sm46409485
2620730,凪尾,2025,False,2025-03-18 20:15:00,【 #旅動画 #旅行 】過去一過酷な旅：様々な事象発生！御殿場湯河原旅行【前編】  #voiceroid実況,sm44777501,2025-03-18 20:15:00,【 #旅動画 #旅行 】過去一過酷な旅：様々な事象発生！御殿場湯河原旅行【前編】  #voiceroid実況,sm44777501
2708220,かめじろー,2025,True,2025-05-18 17:18:04,ちょいとお魚釣り番外編,sm44996409,2026-08-14 14:17:30,ちょいとおバイク,sm46666737
3098460,yamakiyo,2025,True,2025-02-02 14:33:03,波音リツのきまぐれツーリング,sm44605270,2026-06-24 23:50:54,波音リツきまぐれツーリング：砂師オフロードパーク,sm46473979
3610029,H2O,2025,True,2025-04-19 19:53:03,KANAねぇの北海道さんぽ【京極町ふきだし公園】,sm44893474,2026-08-02 13:30:12,KANAねぇの北海道さんぽ【ニセコパノラマライン】,sm46617732
3796233,ＣＡＢＩＮ,2025,False,2025-03-06 23:02:03,2025BRM301近畿200km近江八幡　鈴鹿の立烏帽子(改),sm44732068,2025-03-06 23:02:03,2025BRM301近畿200km近江八幡　鈴鹿の立烏帽子(改),sm44732068
4627115,ろーるすこー,2025,False,2025-07-31 19:27:04,【VOICEVOX車載】チェーン&amp;オイル交換に初挑戦する枝豆【プレスカブ50】,sm45242832,2025-07-31 19:27:04,【VOICEVOX車載】チェーン&amp;オイル交換に初挑戦する枝豆【プレスカブ50】,sm45242832
4706072,Maxirow(真木シロウ),2025,True,2025-02-16 21:00:00,ゆにおね紀行 #8.5 番外編【CeVIO車載】,sm44658415,2026-08-11 19:00:00,ゆにおね紀行#25（終）命という名の冒険【CeVIO車載】,sm46645102
4730287,影月,2025,True,2025-07-21 17:36:04,【シンプル車載動画投稿祭】あのそらにあいたくて～そらさんのソロツー～,sm45210357,2026-06-24 19:02:39,あのそらにあいたくて～在りし日の影～Part３,sm46472877
4877695,もっちー,2025,False,2025-07-09 19:00:00,【シンプル車載動画投稿祭2025】愛車と最後のドライブin琵琶湖大橋,sm45168573,2025-07-09 19:00:00,【シンプル車載動画投稿祭2025】愛車と最後のドライブin琵琶湖大橋,sm45168573
5671525,らっきょ,2025,True,2025-08-09 18:39:04,【Voltyでﾄｺﾄｺﾂｰ】隣町のコンビニにアイス買いに行くだけ【VOICEVOX車載】,sm45272265,2026-08-09 09:00:00,早朝秋口ツーリング ～コンビニと峠道と～ CV：花隈千冬,sm46644064
5992924,ホオズキ,2025,True,2025-07-31 19:00:00,ペーパードライバー詞音ちゃん,sm45237770,2026-08-07 18:00:00,【福井県】彩澄姉妹の夏休み観光スポット【三方五湖】,sm46634493
6110507,黒衣＠激流を制するは聖水,2025,True,2025-11-05 19:19:00,【VOICEROID車載＆フィッシング】初心者釣り師　弦巻マキの食材調達日記＠第壱話,sm45592035,2025-11-05 19:19:00,【VOICEROID車載＆フィッシング】初心者釣り師　弦巻マキの食材調達日記＠第壱話,sm45592035
6353163,uw4,2025,False,2025-05-24 21:41:05,【タンゲコトエ奉納祭2025】狐の川流れ【ソフトウェアトーク車載 ...?】,sm45017629,2025-05-24 21:41:05,【タンゲコトエ奉納祭2025】狐の川流れ【ソフトウェアトーク車載 ...?】,sm45017629
6403002,アキバ,2025,True,2025-09-07 07:00:00,【自転車車載動画】早朝ゆるポタで朝の空気を堪能する,sm45377592,2026-04-25 00:00:00,【25動グループフェス】初めてクルマ買った日の足跡をたどる【車載動画】,sm46201634
6885190,めが,2025,False,2025-04-21 21:00:00,【音だけ車載祭】とある生き物について【※諸説あり】,sm44900108,2025-04-21 21:00:00,【音だけ車載祭】とある生き物について【※諸説あり】,sm44900108
6935264,きょー,2025,True,2025-07-20 15:31:03,四国東部探索委員会(仮)報告書No.01-津田の松原SA【シンプル車載動画投稿祭】,sm45205891,2026-07-21 00:15:36,四国東部探索委員会(仮)報告書No.02-大串自然公園【シンプル車載動画投稿祭】,sm46572902
8973727,ゲーミングさよち,2025,True,2025-11-17 20:50:04,ビーナスラインツーリング｜バーグマン200で冬枯れの草原をのんびり走る【VOICEROID車載】,sm45635930,2025-11-17 20:50:04,ビーナスラインツーリング｜バーグマン200で冬枯れの草原をのんびり走る【VOICEROID車載】,sm45635930
9041918,KoKoDoKo,2025,True,2025-06-15 20:07:03,【A.I.VOICE】若松のバラ園散策【ガイノイド flower】,sm45090969,2026-01-01 01:11:04,【ソフトウェアトーク車載】散策 秋空とコスモスに（三光コスモス祭）【ガイノイドflower】,sm45790727
9460113,ずんだ運輸部,2025,False,2025-07-03 14:13:04,ぶらキメラ#1：岡山県津山市,sm45147612,2025-07-03 14:13:04,ぶらキメラ#1：岡山県津山市,sm45147612
9956529,夢咲星,2025,True,2025-08-26 21:36:05,【ひとり、彷徨う】北海道勇払郡むかわ町穂別,sm45339705,2026-06-18 07:08:38,【シビック e:HEV】旭川地方裁判所へ向かう(旭川女子高生殺害事件、裁判傍聴抽選),sm46447850
10300621,雨村くろねこ,2025,True,2025-08-10 20:00:00,【結月ゆかり車載】今日はどこに？四国カルスト【2025初投稿動画祭・ボイスソフト自作立ち絵投稿祭】,sm45276186,2026-07-20 17:30:00,【結月ゆかり車載】今日はどこに？ディーラーから帰り【シンプル車載動画投稿祭2026】,sm46570583
10396859,ぶるみん,2025,True,2025-11-28 21:17:03,【Ninja250】紅葉のトンネルと絶品ビーフシチュー！秋の信州満喫ツーリング【VOICEROID車載】,sm45674040,2026-08-10 20:00:00,ZX-4Rで峠を通って鹿肉を食べに行く【VOICEROID車載】,sm46647949
10825257,Multani Maro,2025,True,2025-08-31 02:52:03,【第三回ニコニコラーメン祭】Ｂ級グルメを食べに行こう,sm45355135,2025-08-31 02:52:03,【第三回ニコニコラーメン祭】Ｂ級グルメを食べに行こう,sm45355135
11380113,自称hyottoko,2025,False,2025-07-02 21:34:04,【ずんだもん実況】世界一有名な柴犬「Doge」の銅像があるらしいので行ってみた【佐倉ふるさと広場、佐倉城址公園、ひよどり坂】,sm45146665,2025-07-02 21:34:04,【ずんだもん実況】世界一有名な柴犬「Doge」の銅像があるらしいので行ってみた【佐倉ふるさと広場、佐倉城址公園、ひよどり坂】,sm45146665
11698759,5時の影,2025,True,2025-03-15 15:18:03,【宮舞モカ車載】モカのスカイライン「#01　海ほたるの夜景を見に行こう」,sm44763828,2026-08-08 20:00:00,モカちふDiary｜7頁目　北の大地へ【花隈千冬投稿祭2026夏】,sm46615013
12322996,暮瀬,2025,True,2025-08-24 18:00:00,【ギャルゲ車載動画投稿祭】おつかい、おでかけ、2人の夏【彩澄しゅお】,sm45329348,2025-08-24 18:00:00,【ギャルゲ車載動画投稿祭】おつかい、おでかけ、2人の夏【彩澄しゅお】,sm45329348
12957897,しのぶ,2025,True,2025-03-20 23:34:04,[愛車紹介祭2025]誰(た)がその道を征く！？#1～はじめまして～,sm44788340,2026-04-25 23:44:04,アドべ乗りの追憶#1　コマ練 origin,sm46228116
13188226,オボチ,2025,True,2025-06-14 00:43:04,オボチのボッチなツーリング日記Part.5　～蔵王～,sm45085316,2026-08-02 19:47:38,【小春六花車載】&quot;日&quot;&quot;本&quot;&quot;一&quot;&quot;周&quot;含む市町村の旅 with 北海道ツーリング ～ニセコ・札幌～,sm46619340
13902468,さかなさん,2025,True,2025-07-30 22:59:04,おさかなつーりんぐ①,sm45240419,2026-08-07 15:14:01,あかねちゃんのひとりごと５３,sm46636719
14552639,シーラ,2025,True,2025-11-25 18:00:00,【群馬旅行祭2025】前橋ウィッチーズ商店街イベントに行ってきたよ！【春日部つむぎ】,sm45662083,2026-02-09 12:00:00,【#前橋ウィッチーズ】#エモエモMAX赤城山　でパーク＆ライドでウェイのウェイ、やろうよ【春日部つむぎ】,sm45926377
14919484,Kaitetsu Ser5700,2025,True,2025-08-19 20:00:00,【浜松市を】ぐるっと一周してみた！ PART1,sm45305913,2026-06-30 23:49:33,【飯田市を】ぐるっと一周してみた！ PART2,sm46498166
15159541,とえ,2025,True,2025-08-23 22:41:03,ゲームコルソ高崎店・ドライブイン七輿,sm45328984,2025-09-11 20:11:04,SAITO石上店とオートレストラン２４矢板中店と,sm45393635
15285385,総排出腔,2025,True,2025-08-01 07:13:04,【初投稿】オフオフ会 in 広島(テージャスランチ)2025,sm45244606,2026-04-07 21:11:04,第2回ダープラエンデューロごっこ【関西しのび車載】,sm46141878
15584346,またたび,2025,True,2025-12-31 12:56:03,出不精でも旅がしたい　1旅目「さて、と。帰るか」【VOICEROID車載】,sm45786741,2026-06-01 02:37:04,【VOICEROID旅行】出不精でも旅がしたい　3旅目前編「好き勝手していいってことだー！」,sm46381328
15656166,Pヨシئەم سیلۆتە تە,2025,False,2025-04-25 20:23:04,【音だけ車載祭】(゜∀゜)←な顔でドライブ,sm44913912,2025-04-25 20:23:04,【音だけ車載祭】(゜∀゜)←な顔でドライブ,sm44913912
15674984,へび,2025,False,2025-07-09 13:11:03,【シンプル車載動画投稿祭2025】筑紫野の煉瓦橋【旧九州鉄道城山三連橋梁】,sm45169163,2025-07-09 13:11:03,【シンプル車載動画投稿祭2025】筑紫野の煉瓦橋【旧九州鉄道城山三連橋梁】,sm45169163
15699557,Mr.磁石,2025,False,2025-04-24 20:00:00,【音だけ車載祭】しす旅！～大室山までひとっ飛び！～,sm44910258,2025-04-24 20:00:00,【音だけ車載祭】しす旅！～大室山までひとっ飛び！～,sm44910258
16224241,エーミール,2025,True,2025-09-01 00:03:04,【VOICEROID車載】馬,sm45359223,2025-09-01 00:03:04,【VOICEROID車載】馬,sm45359223
16302989,いぐみり,2025,True,2025-01-13 11:59:03,【ボイスロイド車載】道の駅　グランテラス筑西に行ってみた！ 【ALTO ターボRS POV視点】【琴葉葵】,sm44533678,2025-11-02 12:00:00,【VOICEROID車載】わざわざ宇都宮まで散髪しにいく回【アルトターボRS】,sm45581266
16501243,まほっち,2025,True,2025-04-29 22:31:04,【VOICEROID車載】僕らは新たな大地にあこがれて第1話,sm44929783,2026-07-26 20:30:00,【ゆづきず旅物語】オープニング改,sm46593348
17639880,ちゃそ,2025,True,2025-11-26 19:00:00,東京観光２,sm45658870,2026-01-21 18:00:00,東京観光Part5,sm45803533
18598968,ワタリ　ガニー,2025,False,2025-06-08 13:07:03,【ホラーVOICEROID車載】近道,sm45067146,2025-06-08 13:07:03,【ホラーVOICEROID車載】近道,sm45067146
18759115,maryu4492,2025,False,2025-07-15 06:00:00,新・岐阜県庁「無料展望台と職員食堂」,sm45187743,2025-07-15 06:00:00,新・岐阜県庁「無料展望台と職員食堂」,sm45187743
18952620,芳乃ゆうき,2025,True,2025-11-03 22:01:04,ウラルが家に着くまで【VOICEVOX車載】,sm45587625,2026-07-07 17:00:00,【シンプル車載動画投稿祭】ラピスラズリを見に行こう【VOICEVOX車載】,sm46494396
19318921,一人でも仙人,2025,False,2025-01-05 20:02:04,「VOICEROID・VOICEVOX」　ゆかりん、雪ちゃん、ずんだもんの　勢い任せ滋賀旅行　その１,sm44507672,2025-02-05 10:33:03,【VOICEROID】・【VOICEVOX】ゆかりん、雪ちゃん、ずんだもんの　勢い任せのほほん滋賀旅行　その7（最終話）,sm44615228
19440796,ひごくま,2025,False,2025-02-01 11:13:03,【レポ動画】声音の宴4次会にサークル参加してくるよっ！！,sm44600864,2025-02-01 11:13:03,【レポ動画】声音の宴4次会にサークル参加してくるよっ！！,sm44600864
19873564,ナア,2025,False,2025-04-22 14:13:03,琴葉茜は不機嫌【音だけ車載祭】,sm44903119,2025-04-22 14:13:03,琴葉茜は不機嫌【音だけ車載祭】,sm44903119
19898069,Tommy_Nightmare,2025,True,2025-08-20 00:00:00,大人の自販機を見に行こう！,sm45307801,2025-08-20 00:00:00,大人の自販機を見に行こう！,sm45307801
20239617,daison,2025,True,2025-05-29 17:16:08,【WhiteCUL車載】海鮮丼を食べ損ねた飼い主【dax125】,sm45032894,2026-07-16 17:00:00,【小春六花車載】首都高夜ツーを背景にコメントありがとうを伝える,sm46553640
20305531,次男坊,2025,True,2025-09-01 19:00:00,タコ姉ときりたんのドタバタドライブ（日之影、高千穂町）,sm45359955,2025-09-01 19:00:00,タコ姉ときりたんのドタバタドライブ（日之影、高千穂町）,sm45359955
21630726,たきもと,2025,False,2025-07-08 00:00:00,【自作合成音声】SL廃線跡地な自転車道とたきもとさん家【#シンプル車載動画投稿祭】,sm45162809,2025-07-08 00:00:00,【自作合成音声】SL廃線跡地な自転車道とたきもとさん家【#シンプル車載動画投稿祭】,sm45162809
21696810,観月,2025,True,2025-08-22 06:00:00,【琴葉姉妹車載】ただ海を見に行くだけ【2025初投稿動画祭】,sm45318644,2026-07-20 22:45:00,【シンプル車載動画投稿祭2026】紫陽花を見に行くだけ,sm46572481
21878069,Mina Elwen,2025,True,2025-08-17 22:50:05,橙のきままに　#0 Lake Haruna.,sm45301995,2026-07-08 21:13:50,橙のきままに　#6 Weekend Day trip drive. Going to Niigata Ⅱ,sm46527515
23082582,マシュー,2025,True,2025-12-27 09:30:00,【ボイロ車載】初投稿！納車から1年、現代のカフェレーサーをレビュー【スラクストンRS】,sm45768009,2025-12-27 09:30:00,【ボイロ車載】初投稿！納車から1年、現代のカフェレーサーをレビュー【スラクストンRS】,sm45768009
23413176,でんたん,2025,True,2025-11-20 20:00:00,アトレーに2年半乗ってみて,sm45644931,2026-05-13 18:12:24,ひきこもりの運動不足が行く浄土平観光,sm46304288
24259826,エドデス,2025,True,2025-08-09 00:00:00,【VOICEROID車載】碓氷峠に行くで！【2025初投稿動画祭】,sm45269090,2026-07-20 18:27:23,【2026初投稿応援祭】動画を面白くしたいならコメントをもらおう!!!,sm46571168
24869780,村長,2025,True,2025-04-29 13:02:03,【結月ゆかり車載】村長の旅日記 おいら車載主になるポン～沈下橋見て帰ってくる、それだけだ～day1_part1,sm44927695,2026-03-01 08:36:04,【結月ゆかり車載】村長の旅日記 おいら車載主になるポン～沈下橋見て帰ってくる、それだけだ～day2_part5(Final),sm46006924
25349246,かまぼこ（おにちくわ）,2025,False,2025-03-22 21:54:04,伊豆半島道の駅めぐり,sm44796407,2025-03-22 21:54:04,伊豆半島道の駅めぐり,sm44796407
26288758,ぶち,2025,True,2025-08-25 01:12:03,【モトブログ】本州から北海道が見える！青森 龍飛崎ツーリング【ナースロボ】,sm45334133,2026-08-15 18:15:00,【ナースロボ車載】初関西ツー！ハスクバーナFIKAミーティング -MT後日編- (Day3/3E)【春日部つむぎ】,sm46666577
26927419,頼朝,2025,True,2025-02-04 01:03:03,会社を辞めて日本一周～そうだ日本を知ろう～part03,sm44610257,2026-07-30 17:30:00,【第3回 ニコニコダム祭り】放流を見に行こう！温井ダム,sm46604242
26942350,イチミル,2025,False,2025-07-20 18:30:00,弦巻マキのきまぐれ温泉旅～こばやし温泉 美人の湯～【シンプル車載動画投稿祭2025】,sm45205970,2025-07-20 18:30:00,弦巻マキのきまぐれ温泉旅～こばやし温泉 美人の湯～【シンプル車載動画投稿祭2025】,sm45205970
27116524,三日月,2025,True,2025-11-22 14:21:03,V-LogしたかったそらちゃんのNeed For Speed Heat【VOICELOID実況】,sm45649079,2025-11-22 14:21:03,V-LogしたかったそらちゃんのNeed For Speed Heat【VOICELOID実況】,sm45649079
27308717,みくじv,2025,True,2025-10-27 12:41:04,【フラット林道】神奈川の短めピストン林道ツー【WhiteCUL】,sm45560630,2025-10-27 12:41:04,【フラット林道】神奈川の短めピストン林道ツー【WhiteCUL】,sm45560630
28844183,つくえ,2025,True,2025-03-23 16:27:04,メカニック・ひまり【水周り更新 後編】,sm44799394,2026-07-20 19:03:58,【シンプル車載動画投稿祭2026】何もしてないですね、走ってるだけです【空ふさがり】,sm46571379
29437988,五式,2025,True,2025-12-23 18:40:04,突発性ゆるふわ冬宗谷ツーリング2024～2025 その1,sm45757404,2025-12-23 18:40:04,突発性ゆるふわ冬宗谷ツーリング2024～2025 その1,sm45757404
29902999,BUFF,2025,True,2025-09-02 16:00:00,【VOICELOID車載】旅するあかりちゃん 2025紀伊半島編 part1,sm45359183,2026-04-05 10:00:00,【VOICEROID車載】旅するあかりちゃん 2025GW北海道編 part2 霧多布～川湯温泉,sm46131751
30551303,あずさ,2025,True,2025-09-06 19:00:00,【第三回ニコニコラーメン祭】福岡・あっさり豚骨ラーメン【東北きりたん】,sm45370089,2025-09-06 19:00:00,【第三回ニコニコラーメン祭】福岡・あっさり豚骨ラーメン【東北きりたん】,sm45370089
30706231,ピース,2025,False,2025-01-31 20:29:04,【VOICEROID車載】これが私達の納車の儀、の巻！,sm44598816,2025-04-08 20:00:00,【VOICEROID車載】これが私達のツーリング、の巻！【プチツーリング編】,sm44855636
30818455,アクロ,2025,True,2025-06-27 14:10:05,【オフ会動画】モブなりのキャンプー 前編,sm45128249,2025-11-10 17:36:04,【佐世保オフ会動画】続・陰キャくんの冒険　後編,sm45610426
31226252,slave,2025,True,2025-04-13 16:08:04,ふらふらフォトライフ#5　権現堂公園,sm44873080,2026-07-20 13:56:13,【シンプル車載動画投稿祭2026】クラシックカーと冷たいまぜそば,sm46570130
31234342,スマル,2025,True,2025-02-11 16:11:04,初めての車載動画～TTと行くゆるゆるツーリング～#1　城ヶ島公園,sm44637665,2026-08-12 17:00:00,【YZF-R3】ちょっと群馬マスツー,sm46656913
31538487,Giraffe Beer,2025,True,2025-11-21 02:14:03,【群馬旅行祭2025】2ストぺちぺち葵ちゃん【ボイロ車載】,sm45646910,2026-05-30 20:00:00,浅間に集まろう葵ちゃん【第101回アサマミーティング】,sm46373142
32020272,銭洲,2025,False,2025-03-22 18:00:00,【車椅子】運悪すぎて草なのでお祓い行く。,sm44793725,2025-03-22 18:00:00,【車椅子】運悪すぎて草なのでお祓い行く。,sm44793725
32358020,AL(アル),2025,True,2025-07-22 01:32:03,【CB250R】雪さんと行く日本一周 part XX【シンプル車載動画投稿祭】【遅刻】,sm45212090,2026-07-21 05:32:15,【レトロ自販機】ニャーがにゃがみ原と中古タイヤ市場を紹介していくにゃ【シンプル車載動画投稿祭】,sm46573401
32791445,家畜農家出荷場,2025,True,2025-10-15 18:35:04,【part5】北海道旅行2025～めっちゃソフト食べてあつめて～ゲームくりーむ,sm45518333,2025-11-10 18:59:04,【part6】北海道旅行2025～めっちゃソフト食べてあつめて～ゲームくりーむ,sm45610753
32913956,いちべえ,2025,True,2025-01-05 21:40:03,【VOICEVOX車載】春日部、バイク買ったってよ　GB350Cでいざ鎌倉！,sm44508139,2026-02-08 18:23:06,【VOICEVOX車載】春日部、バイク買ったってよ　GB350Cで下道ツーリング　往路編,sm45924382
33112689,コネコ神,2025,True,2025-12-05 21:15:00,【小春六花車載】旅する娘の旅行日記　#0 旅立ちと御前崎【初投稿】,sm45697009,2026-03-27 19:00:00,【小春六花車載】旅する娘の旅行日記　#10 国道151号線と三遠南信自動車道,sm46093943
33404467,つられくまー,2025,True,2025-01-19 06:34:03,【自転車車載】花隈千冬と週末何してますか？　＃１　羽豆岬,sm44554956,2026-06-06 00:00:00,【バイク車載】花隈千冬と週末何してますか？2026GW編　＃3 田代島 松島,sm46392453
34232636,ゆんゆぐ＠歩く黒歴史,2025,True,2025-08-17 18:50:05,【VOICEROID車載】バイク車載の旅：身延編～テスト動画を添えて～【A.I.VOICE車載】,sm45301061,2026-06-13 14:29:00,【A.I.VOICE車載】バイク車載の旅in早川町編【単発】,sm46429502
34350091,ムロ,2025,False,2025-05-21 19:00:00,【リアル登山アタック】屋久島・宮之浦岳攻略 72時間45分 スーパーカブで弾丸日本一周Part11,sm45004760,2025-05-21 19:00:00,【リアル登山アタック】屋久島・宮之浦岳攻略 72時間45分 スーパーカブで弾丸日本一周Part11,sm45004760
34406405,SU-91M,2025,True,2025-04-04 19:15:04,【紲星あかり車載】Moto Days　-Day1-,sm44843072,2026-05-10 22:12:04,【紲星あかり車載】Moto Days -Day04-,sm46294664
35044841,marutrium,2025,True,2025-07-22 19:00:00,宮舞が往く！上越夜桜ナイトクルーズ【VOICEPEAK車載】,sm45211625,2026-07-22 00:00:00,【宮舞モカ投稿祭2026夏】宮舞モカの初夏遊び「初夏と宮舞」〜動画投稿1周年記念作品〜,sm46575134
35498120,りくぞー,2025,True,2025-07-18 05:08:04,SV650Xで行く、2025年6月版北海道ツーリング【ソフトウェアトーク車載・小春六花】,sm45197851,2026-06-01 18:18:04,【第3回ナイスビュー投稿祭】GWの北海道は季節の変わり目、千歳～旭川・富良野で映える絵を探しに【ソフトウェアトーク旅行・小春六花】,sm46383331
37340767,とみすけ,2025,True,2025-11-10 22:24:04,【ASMR】S2000 峠ステッカーの旅① 奥多摩湖とのんびりドライブ（大麦代～道の駅こすげ編）【ずんだもん車載】,sm45611396,2026-01-27 21:46:04,【車載動画】頭文字D、聖地巡礼。碓氷峠（上り）をのんびりドライブ。【S2000峠ステッカーの旅】,sm45883052
37433100,幌路なえ,2025,False,2025-01-10 18:45:00,オホーツクのゆかりさん 今度こそ全部会う！-1,sm44521987,2025-01-10 18:45:00,オホーツクのゆかりさん 今度こそ全部会う！-1,sm44521987
38162897,ふわや,2025,True,2025-10-22 23:51:04,【夏休み旅行祭】岐阜県で3つのアニメの聖地巡礼旅行に行ってきた,sm45545081,2026-07-18 03:33:22,京都の名所を100か所巡って極めようと思う　Part1,sm46560764
39184025,恐ろしく豊満なゆかりさん,2025,False,2025-01-02 22:32:04,【ボイロ車載】新米バイク乗りが阿蘇へドライブ【特別編】,sm44496748,2025-01-02 22:32:04,【ボイロ車載】新米バイク乗りが阿蘇へドライブ【特別編】,sm44496748
40099680,まつ,2025,True,2025-10-26 07:00:00,【宮舞モカのゆるゆるツーリング】車載動画始めました！,sm45555296,2026-08-09 09:50:00,【宮舞モカの車載】宮舞モカの夏！,sm46644370
41558332,クレモ,2025,True,2025-11-18 17:32:04,千冬とバイクと雑談と#1【CeVIO車載】,sm45638472,2026-05-01 14:45:05,千冬とバイクと雑談と#19【CeVIO車載】,sm46252437
44724117,たぬき,2025,False,2025-01-20 07:00:00,今から葵と角島大橋にいきませんか？【A.I.VOICE車載】,sm44558996,2025-03-23 19:35:04,ほぼ雑談！グリーンラインドライブ【A.I.VOICE車載】,sm44800324
45969487,とつ,2025,False,2025-02-26 20:00:00,初心者が征くサーキットデビューin本庄サーキット！,sm44702213,2025-02-26 20:00:00,初心者が征くサーキットデビューin本庄サーキット！,sm44702213
48034481,いんてぃあ,2025,True,2025-04-30 23:00:00,【紲星あかり車載】行こうか、いわきマリンタワー！,sm44933479,2025-08-24 23:00:00,【紲星あかり車載】行こうか、いわき震災伝承みらい館！,sm45333497
48992743,スグノハ,2025,True,2025-06-20 22:08:03,ゆるり雑談車載,sm45106712,2026-08-06 20:23:51,雑談車載「動画投稿の悩み」,sm46633776
49881038,noctua,2025,True,2025-11-16 20:41:06,【初投稿】【ソフトウェアトーク車載】琵琶湖ツーリング,sm45631947,2026-02-21 21:33:03,【YZF-R15】和歌山海岸ツーリング～白崎海洋公園へ【ソフトウェアトーク車載】,sm45977528
51256829,ヅケまぐろ,2025,True,2025-10-21 01:53:04,生存報告ついでに新潟と岐阜へ【CoeFont車載】,sm45539394,2025-10-21 01:53:04,生存報告ついでに新潟と岐阜へ【CoeFont車載】,sm45539394
52184818,fuji_nyan,2025,False,2025-02-10 20:09:04,【シクロクロス車載】ずんだもんは山口まで出稼ぎに行くようです #15【山口CX 2024-25 きらら博記念公園】,sm44634749,2025-08-03 09:40:04,ずんだもんは今年もシマノバイカーズに行ってきたようです。[シマノバイカーズフェスティバル 2025],sm45251485
53574483,ごぼしゃん号運転手,2025,True,2025-08-22 02:13:03,【車載実況】きりたんと行くドライブ2025　①おうちから名神・多賀SAまで,sm45318403,2025-08-27 10:09:03,【車載実況】きりたんと行くドライブ2025　③徳光PA～長岡市内,sm45341662
53582279,IT-WEST,2025,False,2025-05-31 22:19:05,青春どうでしょう 第一話 「ポスターを求めて青春415km」,sm45041344,2025-05-31 22:19:05,青春どうでしょう 第一話 「ポスターを求めて青春415km」,sm45041344
54550024,かき餅,2025,True,2025-07-16 18:00:00,【VOICEVOX車載】乗る。歩く。土地を知る。#1　岩戸山古墳編【春日部つむぎ】,sm45190870,2026-05-06 18:15:04,【VOICEVOX車載】乗る。歩く。土地を知る。#5　弘化谷古墳編【春日部つむぎ】,sm46276550
56039926,とるとら,2025,True,2025-01-05 00:16:04,車を使わずバ産地めぐり　三日目[1/4]『挑戦こそが人間の本質』,sm44504797,2025-12-26 16:40:00,花隈千冬の週末探訪 #1 「初冬、十勝、一人旅。」,sm45766460
56057662,ミラ次郎,2025,True,2025-06-21 20:00:00,小夜さんのレトロ自販機巡り 1日目,sm45109607,2026-08-12 20:00:00,小夜さんのレトロ自販機巡り 西日本:2026夏 1日目,sm46656905
56096466,Cipher@mm5,2025,True,2025-08-24 07:36:03,【ギャルゲ車載動画投稿祭】明日も君と、いつも通りの日常を【小春六花】,sm45330108,2025-08-24 07:36:03,【ギャルゲ車載動画投稿祭】明日も君と、いつも通りの日常を【小春六花】,sm45330108
56520685,四阿からす,2025,True,2025-05-09 19:00:00,【VOICEROID車載】ないとほーくす！　深夜徘徊ドライブ～羽生PA～,sm44963362,2026-07-15 21:00:00,【VOICEROID旅行】しゃちくのなつやすみ　～（ほぼ）九州1週の旅　Part12　～続・アウトロという名のエピローグ　地獄の1000キロ超の帰り道,sm46548544
65278092,ナラニアン,2025,True,2025-07-16 17:10:00,【宮舞モカのならポタ】亀の瀬・葡萄坂・大門ダム【シンプル車載動画投稿祭】,sm45193162,2026-07-20 10:00:00,【シンプル車載動画投稿祭】早春ビーナスぷちツーリング【宮舞モカ投稿祭夏】,sm46568405
65474618,うすにもつ,2025,False,2025-05-01 17:00:00,騙され(？)セイカさんの原付西日本制覇 part1【スーパーカブカスタム50】,sm44935685,2025-05-01 17:00:00,騙され(？)セイカさんの原付西日本制覇 part1【スーパーカブカスタム50】,sm44935685
66715845,椚平商店,2025,True,2025-06-02 06:37:03,くぬレコたーんと南紀ぐるりん旅　パート１　,sm45045604,2026-07-17 23:55:49,【シンプル車載動画投稿祭2026】レコのたーんと埼玉1位の巨木と沖縄のアイスを食べに行こう！の巻,sm46560241
70753841,ノーチ,2025,True,2025-08-20 19:02:00,ドタバタ青春北海道家族旅行！【CeVIO車載】,sm45311527,2025-08-20 19:02:00,ドタバタ青春北海道家族旅行！【CeVIO車載】,sm45311527
71739842,秋月,2025,True,2025-04-06 19:00:00,【東北きりたん車載】変態機動、少女を添えて　Part1 前編,sm44850584,2026-07-09 17:00:00,【投稿祭告知】長崎投稿祭を開催します,sm46528593
72164249,釣りまっする,2025,False,2025-07-13 23:13:03,琴葉姉妹と行くまっする旅行編in琵琶湖博物館,sm45185005,2025-07-13 23:13:03,琴葉姉妹と行くまっする旅行編in琵琶湖博物館,sm45185005
78458991,89Mo,2025,True,2025-07-21 12:00:00,【シンプル車載動画投稿祭2025】青山龍星の日々、Easy Go！ #2【VOICEROID車載】,sm45208346,2026-08-10 17:00:00,六花とつのふたみやの四方山漫遊記 #20-5【VOICEROID旅行】,sm46643469
78478255,響風ノ桜,2025,True,2025-10-01 05:40:00,「代行バス追いかけて楽しいのかい？」【ソフトウェアトーク車載/裏命】,sm45445461,2026-01-01 16:21:00,夜に出発して秋の高千穂にいこう【ソフトウェアトーク車載】,sm45780851
79475830,hiroチャンネル,2025,True,2025-04-12 12:48:04,【兵庫ドライブ旅】加古川線の今と幻の廃線跡をめぐる【VOICEVOX旅行・車載】,sm44868320,2026-03-16 17:22:04,【手抜き車載祭】兵庫県 西脇市,sm46064978
79640842,K区急,2025,True,2025-06-25 18:03:05,ずん子と機関車ベーカリー,sm45122911,2026-06-29 23:26:08,花隈千冬　異国で夜を更かす！！,sm46494349
80650667,ウミイヌ,2025,True,2025-10-05 23:00:00,初投稿なのでとりあえず愛車を紹介します,sm45481763,2026-08-05 18:00:00,今度こそ！津山城と飛龍の滝、そして靴デカの民。　～やっぱりおでかけ#11～,sm46626644
81447249,にわにわか,2025,True,2025-08-19 00:50:04,気ままにツーリング１,sm45305534,2025-08-19 00:50:04,気ままにツーリング１,sm45305534
85003236,暴力,2025,True,2025-05-05 22:34:04,【初投稿】車載動画に挑戦するずんだもん＠群馬【ボイロ車載】,sm44952442,2026-06-28 18:00:00,【真実】東京は群馬【関東×名道×感動祭】,sm46486187
85241035,ゲスト　ああ,2025,False,2025-05-15 16:05:04,八尾南　駅前　散策　今日,sm44985321,2025-05-15 16:05:04,八尾南　駅前　散策　今日,sm44985321
85978501,ゆっくりヘイホー 日本一周,2025,True,2025-06-23 08:23:04,112 ラーメン食べ歩き日本一周2.5週目その４ 島根広島愛媛編,sm45115931,2026-08-07 12:51:10,散歩＋神社＋温泉＋ラーメン＋ラーメン 宮崎県西諸県郡高原町 #289  【四国めたん】,sm46636193
86141994,とり,2025,False,2025-04-15 23:20:04,近場ツーリング#01,sm44881170,2025-04-15 23:20:04,近場ツーリング#01,sm44881170
87052194,真夜中(まよなか),2025,True,2025-12-09 13:55:04,車載　テスト　蓮鬼ねむ,sm45710282,2026-04-03 10:28:03,中古タイヤ市場再訪　蓮鬼ねむ,sm46126281
87873429,Fu-46,2025,True,2025-11-09 10:00:00,【HRC GROM車載】FUN!RUN!DONE!（2/2）【鈴鹿ツインサーキット】,sm45604373,2026-05-06 19:00:00,【HRC GROM】FUN!RUN!DONE!【近畿スポーツランド】,sm46273596
88683039,ケースケ,2025,True,2025-08-30 21:00:00,【小春六花】四国一周してきた！！！一日目！！！！！,sm45354014,2025-08-30 21:00:00,【小春六花】四国一周してきた！！！一日目！！！！！,sm45354014
90027825,でーぶ,2025,False,2025-04-30 22:19:03,【CeVIO旅行】車買っちゃった,sm44933243,2025-04-30 22:19:03,【CeVIO旅行】車買っちゃった,sm44933243
92587785,五月雨大好きとくめいきぼう,2025,True,2025-02-21 20:51:03,エクリプスクロスで行く、月食ちゃんと行く＃1いつもの帰り道,sm44675204,2026-07-20 21:59:25,エクロスで行く、つづみさんと行く#3　岡山中心部ドライブ2,sm46568541
95250609,もとてこ,2025,False,2025-04-11 00:35:04,ゆづきずと行くバイク旅!(弾丸石川　前編)[VOICEROID車載],sm44864034,2025-04-11 00:35:04,ゆづきずと行くバイク旅!(弾丸石川　前編)[VOICEROID車載],sm44864034
96292911,のい,2025,False,2025-01-30 22:08:03,【A.I.VOICE車載】ゆかりさんと六花の旅Log #00【VOICEPEAK車載】,sm44595650,2025-01-30 22:08:03,【A.I.VOICE車載】ゆかりさんと六花の旅Log #00【VOICEPEAK車載】,sm44595650
96718349,わらびもち,2025,True,2025-01-10 18:10:03,走り初めロングライド！激坂ヒルクライム！？【VOICEVOX車載】,sm44520667,2025-09-15 11:37:04,多摩川サイクリング！Part3【VOICEVOX車載】,sm45405916
97079960,エルク,2025,False,2025-08-11 06:16:03,【CeVIO車載】栃木県の大岩山天空テラスに行ってきたよ動画,sm45277655,2025-08-11 06:16:03,【CeVIO車載】栃木県の大岩山天空テラスに行ってきたよ動画,sm45277655
97198627,いちとよ a.k.a. 霞田祐作,2025,True,2025-09-24 19:00:00,【ソフトウェアトーク車載】ウナきりのミッドナイト？ドライブデート(マスター、東海へ帰る2),sm45436512,2026-06-01 19:00:00,【ソフトウェアトーク旅行・解説】東北ずん子スタンプラリー マイカー民向け回り方紹介動画(非公式、白石中心)+ついでにいかが？蔵王山&amp;遠刈田温泉,sm46381446
97295730,夏梅,2025,True,2025-08-30 23:40:04,【ソフトウェアトーク車載】春日部つむぎときりたんが征く 初マスツーリング,sm45354517,2025-10-13 17:30:00,【夏休み旅行祭】ビーナスラインへ！！【合成音声車載】,sm45508693
97379443,ゲスト,2025,True,2025-12-08 03:07:04,【例のアレ投稿祭】もかと｢納車｣と｢カルチャー焼き｣,sm45706728,2026-01-19 00:35:04,【神戸動画投稿祭2026】モカとONEともっこすと[遅刻],sm45852777
106193467,ゆきだるま,2025,True,2025-12-11 19:00:00,再走!!名古屋駅周辺徒歩観光観光！【徒歩旅行祭2025】【VOICEROID旅行】,sm45696228,2025-12-11 19:00:00,再走!!名古屋駅周辺徒歩観光観光！【徒歩旅行祭2025】【VOICEROID旅行】,sm45696228
116433755,むゆぎ,2025,False,2025-07-12 19:30:06,【初投稿】4000万の踏切が見たい！！【シンプル車載動画投稿祭】,sm45179917,2025-07-12 19:30:06,【初投稿】4000万の踏切が見たい！！【シンプル車載動画投稿祭】,sm45179917
116752751,二桜ザクロ,2025,False,2025-03-28 21:00:06,ゆかヒメが 阿蘇の景色を 見に行くぞっ！【VOICEROID車載】,sm44817562,2025-03-28 21:00:06,ゆかヒメが 阿蘇の景色を 見に行くぞっ！【VOICEROID車載】,sm44817562
117204848,なん,2025,True,2025-08-28 18:30:00,【ご当地サイダー投稿祭】宮舞、ご当地サイダーに初挑戦,sm45344309,2026-07-31 20:00:00,【第三回ニコニコダム祭り】荒川水系を束ねる156メートルの巨大要塞,sm46610262
117262015,美羽路,2025,True,2025-12-22 00:00:07,【VOICEPEAK車載】初旅動画！小春六花の休日ぶらり旅　宮城県岩沼市,sm45751926,2026-01-05 20:18:06,【VOICEPEAK車載】花隈千冬と湖を見に行こう！　秋田県仙北市,sm45806664
120793108,だいふく,2025,False,2025-07-21 12:18:04,【シンプル車載動画投稿祭】ところてんぽた,sm45209329,2025-07-21 12:18:04,【シンプル車載動画投稿祭】ところてんぽた,sm45209329
121748679,Yule（ユール),2025,True,2025-10-11 22:04:04,【VOICEROID車載】初めての車載動画！犬吠埼の灯台に登ろう,sm45501803,2026-08-03 16:00:00,【VOICEROID車載】山中湖畔で、ひたすらレブルくんの写真を撮り続ける動画。,sm46617324
122094113,なっぱ,2025,False,2025-08-10 23:42:04,突発！アリアルさんの秋田旅行〜インターネットから一瞬でも離れて休もうの巻〜【CoeFont車載】,sm45277056,2025-08-10 23:42:04,突発！アリアルさんの秋田旅行〜インターネットから一瞬でも離れて休もうの巻〜【CoeFont車載】,sm45277056
122889378,タコス,2025,False,2025-04-02 21:41:03,【VOICEROID車載】岩手→宮城　2泊3日マッスルトラベル！　part１,sm44837201,2025-05-04 18:02:04,【VOICEROID車載】岩手→宮城　2泊3日マッスルトラベル！　part2,sm44947198
123301714,探索過程,2025,False,2025-01-02 17:29:03,ひまりさんと釣旅：渓流で美しいアマゴを求めて,sm44495400,2025-05-31 23:19:03,ひまりさんと三重の秘境を巡る旅：海で釣り、山で滝とダムを探訪,sm45041629
123641049,みたろう,2025,True,2025-06-10 22:58:04,【激狭】かつて平安京の中央だった道、千本通を完走してみた【ソフトウェアトーク車載/解説】,sm45075940,2026-07-17 23:01:54,自転車が壊れたので買い替えました【シンプル車載動画投稿祭】,sm46560070
123783290,ヴィア/via,2025,False,2025-04-25 01:00:00,[音だけ車載祭]　2000系で行く南海高野線,sm44911084,2025-04-25 01:00:00,[音だけ車載祭]　2000系で行く南海高野線,sm44911084
124430262,あやや,2025,True,2025-10-06 19:00:00,阿蘇山の絶景と絶品あか牛丼！【くまもと動画投稿祭】,sm45381383,2025-10-06 19:00:00,阿蘇山の絶景と絶品あか牛丼！【くまもと動画投稿祭】,sm45381383
124786017,ポン・ジョレイヌ,2025,True,2025-11-22 21:35:04,春日部つむぎ車載：自転車に乗ろうよオタク君（大阪滝畑ダム,sm45652510,2025-11-30 19:14:00,春日部つむぎ車載：自転車に乗ろうよオタク君（大阪堺浜,sm45680916
125398473,SKY-ALIEN,2025,True,2025-05-30 10:30:04,【ボイロ車載】ちょっと休憩…！ ～白糠 恋問館～,sm45035333,2026-03-03 23:24:04,滝！流氷！ゴジラ！ あとクラゲ…【日帰り旅行祭N2026】,sm46016656
125512342,ケニー,2025,False,2025-02-01 18:06:03,琴葉茜のゆるツーリング　#01「浜松でバイク神社とユリカモメ」,sm44602108,2025-05-10 22:04:05,琴葉茜のゆるツーリング　#04「岐阜の魅力、再発見」,sm44970167
125532105,huka,2025,False,2025-06-28 21:43:05,【ボイロ車載】#1 バイク車載始めました～！【琴葉茜・琴葉葵】,sm45133228,2025-07-30 01:58:04,【バイク車載】#2 道の駅 針テラスへ無計画ツーリング...【琴葉茜・琴葉葵】,sm45237962
125645694,しさか,2025,True,2025-09-30 07:53:04,CRM自己紹介動画,sm45462429,2025-10-20 01:01:03,第2回、乗り換えどーするよ。,sm45535946
128219954,ナキズミ,2025,False,2025-01-13 15:00:00,ゆっくり車載×心理学　首都高一周1とフリック入力など,sm44532080,2025-01-13 15:00:00,ゆっくり車載×心理学　首都高一周1とフリック入力など,sm44532080
128285602,薬袋,2025,True,2025-07-19 23:00:00,【シンプル車載動画投稿祭2025】助平屋饅頭 総本舗,sm45203762,2026-07-19 16:00:00,【シンプル車載動画投稿祭2026】深夜の坂東大橋を渡るだけ,sm46566387
129437404,いろいろ,2025,False,2025-04-10 17:20:04,【CoeFont車載】アリアルさんのバイクでおでかけ＃１,sm44862550,2025-05-31 07:51:07,【CoeFont車載】アリアルさんのバイクでおでかけ#4,sm45038679
129694996,そらまめ,2025,True,2025-04-27 06:27:04,花隈千冬の存在証明　年越し宗谷岬編＃１,sm44919387,2025-08-23 21:19:04,花隈千冬の存在証明　年越し宗谷岬編＃４,sm45326644
129746070,來麦/旅行・交通,2025,False,2025-04-25 20:59:04,山陰日帰り旅行（出雲市）,sm44913825,2025-04-27 21:59:03,山陰日帰り旅行（出雲市）　Part２,sm44922180
129940780,さぎり,2025,False,2025-04-30 22:11:07,【音だけ車載祭】赤くて青いカブ,sm44933282,2025-04-30 22:11:07,【音だけ車載祭】赤くて青いカブ,sm44933282
130986250,むねぞう【ずんだもんの食卓】,2025,True,2025-11-29 18:00:00,【ゆっくり解説】微妙シリーズからついに救済？業務スーパーのカラメルカスタード！,sm45676052,2025-11-29 18:00:00,【ゆっくり解説】微妙シリーズからついに救済？業務スーパーのカラメルカスタード！,sm45676052
131438364,かじまひろき,2025,True,2025-09-11 01:08:04,長野県木曽町開田から岐阜県高山市に入った途端除雪がされていなくなる,sm45391522,2025-09-11 01:08:04,長野県木曽町開田から岐阜県高山市に入った途端除雪がされていなくなる,sm45391522
132179206,ぎっちゃん,2025,True,2025-08-09 03:31:03,【ソフトウェアトーク車載】ツーリングは計画的に！Vol.1_これをアワイチと呼ぶべきか【2025初投稿動画祭】,sm45270325,2026-04-25 16:30:05,【ソフトウェアトーク車載】初投稿、それは思い出【25動グループフェス】,sm46225069
133115482,そらよな,2025,False,2025-03-09 12:20:00,【実用性ゼロ？】ホンダS660を本音レビュー！【微妙？】,sm44741685,2025-03-09 12:20:00,【実用性ゼロ？】ホンダS660を本音レビュー！【微妙？】,sm44741685
133163068,shino,2025,True,2025-09-06 22:13:04,標茶町 オーロラ温泉,sm45377870,2026-07-21 00:00:00,標津町 川北温泉,sm46537018
134014423,笹梛リア,2025,True,2025-07-19 20:24:04,【シンプル車載動画投稿祭2025】循環バスで巡る墨田区南部百景【ソフトウェアトーク旅行】,sm45203311,2026-07-11 17:46:30,【車内飯投稿祭】電車で食べる車内飯といえば……【東北イタコ】,sm46537328
134044049,つけやきラボ動画分室,2025,False,2025-07-11 01:20:00,満別、九州、宇宙(そら)の島 -北部編-【種子島自転車旅行】,sm45174381,2025-07-20 17:05:00,満別、九州、宇宙(そら)の島 -中部・南部編-【種子島自転車旅行】,sm45205997
134532929,ニューアベンジャー,2025,True,2025-08-11 20:29:03,【VOICEPEAK車載】函南町～熱海市 夜ドライブ,sm45279889,2026-07-18 18:00:00,【CB125R】甲府盆地ツーリング【VOICEROID車載】,sm46562518
135149215,津万利とど,2025,False,2025-06-30 11:25:00,フィルムカメラで巡る遠野物語の世界【春のこずかた学園祭2025】,sm45138236,2025-06-30 11:25:00,フィルムカメラで巡る遠野物語の世界【春のこずかた学園祭2025】,sm45138236
135257299,からばこ,2025,True,2025-08-11 17:45:04,【VOICEVOX車載?】冥鳴の初夏,sm45278927,2025-08-29 23:12:04,【VOICEVOX車載】夏だ！海だ！バイクだ！！,sm45350668
135568909,ていく-おふ,2025,True,2025-04-25 22:30:00,初動画から祭に参加しちゃった動画,sm44914277,2026-04-30 08:00:00,今まで自己紹介してなかったって、マジですか！？【自己紹介祭】,sm46246272
135629683,TOUGAKU,2025,True,2025-08-21 00:00:00,【四国めたん誕生祭2025・初車載動画】めたんの雑談軽トラ車載ショート【VOICEVOX車載】,sm45311794,2026-04-07 19:00:00,【雑談車載】最近のお買い物【ひまりんのひまひま車載＃３】【VOICEVOX車載】,sm46141194
135942158,NANIWA-43,2025,True,2025-09-18 21:08:04,【エイプ100】大阪-九州ツーリング【VOICEROID車載】,sm45417279,2026-07-20 02:41:16,【エイプ100】初めてのキャンプツーリング！　【voiceroid車載】,sm46568838
135961388,ピジョクラ,2025,True,2025-08-25 13:16:58,【ジクサー150】茜ちゃんのツーリング日記　兵庫県長尾山(2025.8/18),sm45334496,2026-08-14 07:33:59,【ジクサー150】茜ちゃんのツーリング日記　大阪府チャーハンが美味しいラーメン屋編(2026.8/13),sm46665125
136877844,おかづ,2025,True,2025-08-30 21:02:04,CLくんと気ままにツーリング【宮舞モカ車載】,sm45353880,2026-07-12 00:05:42,CLくんとオフ走るだけ。【宮舞モカ】,sm46538745
137478304,ふわふわドラゴン,2025,True,2025-01-04 21:19:03,バイク雪さん　＃1,sm44503972,2026-06-07 10:00:00,バイクロボタイプT#1,sm46404859
137537207,秩父在住の人,2025,True,2025-01-11 18:29:03,＃1　三峰神社へツーリング【秩父在住ずんだもん】,sm44526985,2026-06-18 20:17:11,#30 蔵王や仙台をツーリング【秩父在住ずんだもん】,sm46446866
137543301,でんでんちゃん,2025,True,2025-06-27 18:33:04,【ロードバイク】小春六花と行く自己紹介！【ハマイチ】,sm45128946,2026-08-01 18:00:00,【ドカ雨パンク迷子】東へ走れ！ライドの不幸をすべて背負った東京自走ライド！【静岡→東京】,sm46613740
137720796,氷月,2025,False,2025-01-15 19:12:03,【VOICEPEAK車載】出雲国二ノ宮・佐太神社に初詣サイクリング,sm44542493,2025-05-02 12:45:04,【VOICEPEAK車載】大山の清らかな泉に癒されに行こう〈本宮の泉編〉,sm44938642
137870989,よしいえ,2025,True,2025-10-04 19:05:04,【宮舞モカ車載】北海道ポケふた制覇の旅　Day3　紋別～女満別,sm45477103,2025-10-04 19:05:04,【宮舞モカ車載】北海道ポケふた制覇の旅　Day3　紋別～女満別,sm45477103
137955884,バソキャン,2025,True,2025-01-11 02:29:03,【CeVIO車載】フィーちゃんとゆったりドライブ　vol.1【四輪車載】,sm44525255,2026-08-05 18:32:02,【雑談車載】7月の投稿本数とか今後の予定とか【四輪車載】,sm46629499
138195448,桂馬,2025,True,2025-09-01 18:00:00,【 talk flower 】避暑地で涼もう　『オープンカー車載』,sm45352877,2026-03-30 19:00:00,【 talk flower 】ヒメミコがきれいな季節だね『オープンカー車載』,sm46113043
138351386,おもちゃのうた,2025,True,2025-09-03 19:10:04,【ご当地サイダー投稿祭】養老サイダー＋岐阜旅行【ソフトウェアトーク車載】,sm45367432,2025-09-03 19:10:04,【ご当地サイダー投稿祭】養老サイダー＋岐阜旅行【ソフトウェアトーク車載】,sm45367432
138353507,つのR,2025,False,2025-03-13 14:16:04,愛車紹介祭2025 納車編,sm44756569,2025-03-27 15:33:03,海を見に行きましょう！　VOICEROID車載,sm44812793
138472482,ゼロイチ他力本願寺,2025,True,2025-02-18 18:44:04,高速道路で１週間過ごしてみて,sm44664845,2025-11-30 14:35:04,１万円で鍛冶が体験できる謎の道の駅に迫る！　～熊本県人吉～,sm45680026
138905705,東京に用事なし,2025,False,2025-04-10 18:00:00,【突発Vlog】男3人、マイナー展望台で生き物への悪口が止まらない【木五倍子】,sm44862600,2025-04-10 18:00:00,【突発Vlog】男3人、マイナー展望台で生き物への悪口が止まらない【木五倍子】,sm44862600
139106274,投稿者G,2025,False,2025-04-08 01:18:04,【CeVIO車載】スバル沼に沈められた、普通の人【納車報告】,sm44855181,2025-04-08 01:18:04,【CeVIO車載】スバル沼に沈められた、普通の人【納車報告】,sm44855181
139575585,「の」がないです,2025,False,2025-04-10 18:52:04,あちゃこちゃ行動記録　vol.0　東京高速道路（KK線）,sm44862847,2025-04-10 18:52:04,あちゃこちゃ行動記録　vol.0　東京高速道路（KK線）,sm44862847
139798389,旧橋本,2025,True,2025-04-27 13:41:03,【東北ずん子車載】#1 食べに行こっか、ソースカツ丼。,sm44919662,2026-07-11 10:36:40,【シンプル車載動画投稿祭】たまにはいいんじゃない…こういうのも。【夏色花梨車載】,sm46536073
139836986,ゆうぐれ,2025,False,2025-05-06 10:23:03,【小春六花車載】#1 初ロードバイクで登る湘南平！【ロードバイク車載】,sm44947677,2025-05-17 18:09:04,【小春六花車載】#2 ゆるぎの丘とジェラート【ロードバイク車載】,sm44992865
139903010,バイク大好きモト娘ちゃん,2025,False,2025-05-02 11:33:04,バイク大好き モト娘ちゃん　告知動画,sm44938423,2025-05-12 06:44:03,【壁外調査ツーリング】ホワイトベース二宮さんと逝く！心臓をささげよ！ウォールマリア奪還⁉ツーリング,sm44974258
139950256,なしんちゅ,2025,True,2025-06-28 11:57:04,【Cevio車載】小樽三人娘が行く！【始めました】,sm45130995,2026-07-20 20:00:00,【シンプル車載動画投稿祭】ダイヤモンド【Cevio車載】,sm46569213
140499587,うの男,2025,True,2025-06-15 17:05:03,SSTR2025 おじさんひとり旅,sm45090887,2026-01-12 07:56:03,W800cafeで行く【フリモメン誕生祭2026】碧を探しに行くWhiteCUL,sm45827250
140520406,たきだしみずたき,2025,True,2025-08-17 11:13:04,【ギャルゲ車載動画投稿祭】つむめたてぇてぇの巻　（高知編）,sm45299605,2026-08-01 00:03:32,【カップラーメン作ってたら遅刻！】あつあつ観音寺編,sm46611405
140592415,ロズ,2025,False,2025-07-10 19:30:00,【初投稿】マイナスイオンを求めて走るゆかりさん【シンプル車載動画投稿祭】,sm45172869,2025-07-10 19:30:00,【初投稿】マイナスイオンを求めて走るゆかりさん【シンプル車載動画投稿祭】,sm45172869
140912589,ゆーゆーじてき/旅先コレクション,2025,True,2025-07-21 17:49:06,【花隈千冬車載】日本に存在するエーゲ海へ！和歌山・白崎海岸を巡る絶景道の駅ドライブ！,sm45210292,2026-07-31 19:00:00,【花隈千冬車載】90℃の温泉で育てる朝食と熊野古道！和歌山県の道の駅完走ドライブ,sm46607845
141028520,Nokke,2025,True,2025-07-27 15:48:04,【VOICEROID車載】初投稿！朝から晩まで走りっぱなしグダりっぱなしのツーリング！,sm45227797,2026-03-08 18:00:00,【日帰り旅行祭N2026】フェリーに乗って三重へ！　伊勢湾フェリー、伊勢志摩スカイラインツーリング,sm46035838
141044981,ミスターD,2025,False,2025-07-29 00:40:04,【voiceroid車載】uncho部サイクリング第一夜【竹林カフェ】,sm45231746,2025-07-29 00:40:04,【voiceroid車載】uncho部サイクリング第一夜【竹林カフェ】,sm45231746
141118232,秋活（しゅうかつ）,2025,True,2025-08-09 00:00:00,宮舞モカの六輪生活　#1 愛車紹介【2025初投稿動画祭/愛車紹介祭2025】,sm45251286,2026-08-15 00:00:00,マキモカの六輪生活_車載主キャンプオフin山形【ニコニ・コモンズ祭2026】,sm46600051
141128145,かしろ,2025,True,2025-08-24 20:51:03,【2025初投稿動画祭】フォトバミ～浄土平～,sm45332392,2025-08-24 20:51:03,【2025初投稿動画祭】フォトバミ～浄土平～,sm45332392
141297787,おだ。,2025,True,2025-11-06 10:57:03,【VOICEPEAK車載】はじめての車載inはこね【花隈千冬】,sm45595390,2026-07-29 00:17:21,【小春六花】車をシバきに行きました。【第8回ボイカーナ】【コハルドライブ#02】,sm46600830
141358564,鯖缶。,2025,True,2025-08-23 01:43:04,【CB250R】　【VOICEROID車載】愛知県 奥三河キャンプツーリング,sm45325004,2025-08-23 01:43:04,【CB250R】　【VOICEROID車載】愛知県 奥三河キャンプツーリング,sm45325004
141728171,どらいぶマニア!,2025,True,2025-09-26 17:00:00,阿蘇の大地を走る。異世界への入り口と絶景【ドライブ｜CoeFont】,sm45434555,2025-09-26 17:00:00,阿蘇の大地を走る。異世界への入り口と絶景【ドライブ｜CoeFont】,sm45434555
141733799,ぼろぼろ　オンボロ,2025,True,2025-10-18 08:19:04,オイル交換する【VOICEROID車載】,sm45528031,2025-10-18 08:19:04,オイル交換する【VOICEROID車載】,sm45528031
142037744,LEOch.,2025,True,2025-10-20 23:42:05,【VOICEROID車載】絶景続きで絶望する野付半島旅行,sm45538886,2026-05-08 00:00:00,【VOICEROID旅行】全力で怠けるために沖縄行ってきた【予告】,sm46281941
142063184,雪梛,2025,True,2025-11-22 19:59:04,【ロードバイク車載】荒川サイクリングロードを緩くぽたぽたする,sm45652634,2025-12-30 16:22:03,【VOICEVOX車載】頼むぜ相棒…年内最終の戦場だ,sm45783192
142173794,桃の孤独ドライブ,2025,True,2025-11-21 18:45:04,【VOICEVOX車載】ずんだもんと行く！アルピーヌA110で奥吉備街道を攻めてみたのだ【岡山】,sm45648849,2025-11-21 18:45:04,【VOICEVOX車載】ずんだもんと行く！アルピーヌA110で奥吉備街道を攻めてみたのだ【岡山】,sm45648849
142536139,無名の旅人,2025,True,2025-12-19 19:00:00,【告知動画】匿名アウトドア系動画投稿企画 「無名の旅人」,sm45731743,2025-12-26 19:00:00,【無名の旅人】怪しいずんだもんに導かれてクイズ旅した話。,sm45762238
142574040,つあらゔい,2025,True,2025-12-17 22:33:04,【VOICEROID車載】この動画をモトブログと呼んでいいのか...？-飯能ツーリング-(再うp),sm45737242,2026-06-10 03:12:04,【VOICEROID車載】富士山見えなかったよ泣,sm46417431
